AppURL,AppName,AppAuthor,category,AppSize
https://cdn.down-apk.com/com.roblox.client/Roblox_2.516.304_apkcombo.com.apk?ecp=Y29tLnJvYmxveC5jbGllbnQvMi41MTYuMzA0LzExODMuYTgwYWM0ODRhZTNiZGY3Mjg2MDZmMTI3MGRkYWJiYTkxNzZlOTFkMS5hcGs=&iat=1647044358&sig=8e967766d6f7387c9e1073ba2b693055&size=135257866&from=cf&version=latest,Roblox,Roblox Corporation · Adventure,game,129 MB
https://cdn.down-apk.com/com.dts.freefireth/Garena%20Free%20Fire_1.70.0_apkcombo.com.xapk?ecp=Y29tLmR0cy5mcmVlZmlyZXRoLzEuNzAuMC8yMDE5MTE0OTcwLjIwMWViOTE3NGEyZDEwYTE2MzJlM2Y0NDJjYzg0NzA5YTFmNmFkMWQuemlw&iat=1647044360&sig=3ca5940cbb4c491894f2b7e8b8c78f4f&size=649303414&from=cdn&version=latest,Garena Free Fire,Garena International I · Action,game,619 MB
https://cdn.down-apk.com/ir.behbahan.tekken/Tekken%203_1.0_apkcombo.com.apk?ecp=aXIuYmVoYmFoYW4udGVra2VuLzEuMC8xLmEwNjZiMDJiMzM4ZTZkMDRkM2Q1MGY5ZWFhZjQ3NmIzMDM1NjE2ZTkuYXBr&iat=1647044373&sig=f63bd5c65f5b8d8406c45d66a9cf2acc&size=44274062&from=cf&version=latest,Tekken 3,Mohsen Jafari · Action,game,42 MB
https://cdn.down-apk.com/com.ea.gp.apexlegendsmobilefps/Apex%20Legends%20Mobile_0.8.1252.24_apkcombo.com.xapk?ecp=Y29tLmVhLmdwLmFwZXhsZWdlbmRzbW9iaWxlZnBzLzAuOC4xMjUyLjI0LzY0MDAwMTc4LjQ3Mzg0NDUxMWFmZjNiMDVhNzY4ZDA3MWVmNTNmZmRkZmFmZDE0ODguemlw&iat=1647044563&sig=1c82e00b24ea0db1ded786f69b176904&size=2827797440&from=cdn&version=latest,Apex Legends Mobile,ELECTRONIC ARTS · Action,game,2.63 GB
https://cdn.down-apk.com/daniillnull.nulls.brawlstars/Null%E2%80%99s%20Brawl_42.333_apkcombo.com.apk?ecp=ZGFuaWlsbG51bGwubnVsbHMuYnJhd2xzdGFycy80Mi4zMzMvNDIzMzMuNzk1MDc4MGU1YTEyNDQ1NjYyYTI2ZDQyNDZlMjcyZGI4NzYwNGRiNy5hcGs=&iat=1647044371&sig=f8ac8f461c05f2f441f06b0cd4de54fd&size=221102175&from=cf&version=latest,Null’s Brawl,nulls.gg · Strategy,game,211 MB
https://cdn.down-apk.com/com.tencent.iglite/PUBG%20MOBILE%20LITE_0.22.0_apkcombo.com.apk?ecp=Y29tLnRlbmNlbnQuaWdsaXRlLzAuMjIuMC8xNTAzNC45NDJjY2JhMTk5MDZhODU5YjhhOGM0ZDIyODBmNWYzM2M0NTI2NWMzLmFwaw==&iat=1647044436&sig=d8289cc6cc13f808199e564ad27a1154&size=748283077&from=cdn&version=latest,PUBG MOBILE LITE,Level Infinite · Action,game,714 MB
https://cdn.down-apk.com/com.andrewgms.cupheadforandroid/Cuphead%20For%20Android_1.7.0_apkcombo.com.apk?ecp=Y29tLmFuZHJld2dtcy5jdXBoZWFkZm9yYW5kcm9pZC8xLjcuMC8xMDA3MDAwLjFiZTIyMjQ4ZGVlYTkxY2EyZDliMzJjODU3ZjI0ZmU3YWZjOTE5ZGEuYXBr&iat=1647044729&sig=1485b13eae764840c30f89b5e03f4095&size=143373353&from=cf&version=latest,Cuphead For Android,Privateer · Casual,game,137 MB
https://cdn.down-apk.com/com.vega.alphafgl/Legendary%20Football_1.5.2_apkcombo.com.apk?ecp=Y29tLnZlZ2EuYWxwaGFmZ2wvMS41LjIvMTAwNTAwMi5kZTAyNTQ1Y2NkNGE5NmE3NjdiMWZkMzNlZGNjNjhmMDdhNzI0MWU3LmFwaw==&iat=1647044682&sig=d397556d39432a510aec63cd63f9b165&size=805183604&from=cdn&version=latest,Legendary Football,Studio Vega Private Limited · Sports,game,768 MB
https://cdn.down-apk.com/net.master.royale/Master%20Royale_3.2729.1_apkcombo.com.apk?ecp=bmV0Lm1hc3Rlci5yb3lhbGUvMy4yNzI5LjEvNTI2LjAyYWFhZjdiZTM3ODU3YjNmMTczODdhYzBhNWRjYjZiMTI5MjBmNDUuYXBr&iat=1647044685&sig=6b583bc57112cdcd46ee5842a527cb75&size=152890220&from=cf&version=latest,Master Royale,Master Royale · Arcade,game,146 MB
https://cdn.down-apk.com/com.tencent.ig/PUBG%20MOBILE_1.8.0_apkcombo.com.apk?ecp=Y29tLnRlbmNlbnQuaWcvMS44LjAvMTU5MDAuMzA0OTYyOTM3ZWIxMDE4MjgwODMwNjA1YTdmNmY4Mzk3MDVkMzBlZi5hcGs=&iat=1647044687&sig=70273e5308688b12d9ff2aa5aa61a73a&size=749791955&from=cdn&version=latest,PUBG MOBILE,Level Infinite · Action,game,715 MB
https://cdn.down-apk.com/com.mix555.muser/555Mix_8.0.0_apkcombo.com.apk?ecp=Y29tLm1peDU1NS5tdXNlci84LjAuMC85Ljg2MjZjODc2ZDc3MTYwNjlhZDVkOGMwYTNjMWU3ZjQ1ZmQ3ZTQzYjQuYXBr&iat=1647044736&sig=e514368ccb68fd8a679e2bb9249409b8&size=11970420&from=cf&version=latest,555Mix,555Mix Team · Sports,game,11 MB
https://cdn.down-apk.com/com.pubg.krmobile/PUBG%20MOBILE%20KR_1.8.0_apkcombo.com.xapk?ecp=Y29tLnB1Ymcua3Jtb2JpbGUvMS44LjAvMTU5MDAuYTRiNmU0YWJmZTlmZWNkYjA4MzExOGIwZDAwYmEyODc5ODlhMzRiMi56aXA=&iat=1647044738&sig=249d34a153ac69e5ea1c0d0c2d179072&size=773729492&from=cdn&version=latest,PUBG MOBILE KR,"KRAFTON, Inc. · Action",game,738 MB
https://cdn.down-apk.com/com.activision.callofduty.shooter/Call%20of%20Duty%20Mobile_1.0.30_apkcombo.com.xapk?ecp=Y29tLmFjdGl2aXNpb24uY2FsbG9mZHV0eS5zaG9vdGVyLzEuMC4zMC8zNzM1Ljk3N2VmNGM5YzgxNjYxY2I3NzMxZjEzMDU2ZjgwYjkyNjA5YjUzZWYuemlw&iat=1647044740&sig=60ffd274076328618f400833918bcf34&size=2207849671&from=cdn&version=latest,Call of Duty Mobile,"Activision Publishing, Inc. · Action",game,2.06 GB
https://cdn.down-apk.com/com.mobile.legends/Mobile%20Legends:%20Bang%20Bang_21.6.18.6761_apkcombo.com.apk?ecp=Y29tLm1vYmlsZS5sZWdlbmRzLzIxLjYuMTguNjc2MS8yMTYxODY3NjEuNTA3MTE2NmQ1NWI4ZjdiZWMxZWUwYjk5MDA5NWJiNjQ4ZDljMzU1ZC5hcGs=&iat=1647044742&sig=82f71fe4fd1aeee0090cc07aa54a06fb&size=116888562&from=cf&version=latest,Mobile Legends: Bang Bang,Moonton · Action,game,111 MB
https://cdn.down-apk.com/com.dts.freefiremax/Garena%20Free%20Fire%20MAX_2.70.0_apkcombo.com.xapk?ecp=Y29tLmR0cy5mcmVlZmlyZW1heC8yLjcwLjAvMjAxOTExMjU4NS5hM2ZlNDY3NWVhZWE2YTQ1MjdiYjExNTY0NDBiYjM5NTU2NzVhMjA3LnppcA==&iat=1647044744&sig=fb3967aefd1e5d8576601d3ca93683e3&size=943092849&from=cdn&version=latest,Garena Free Fire MAX,Garena International I · Action,game,899 MB
https://cdn.down-apk.com/com.os.falcon.pico.park.go/Pico%20Park:%20Mobile%20Game_1.2_apkcombo.com.apk?ecp=Y29tLm9zLmZhbGNvbi5waWNvLnBhcmsuZ28vMS4yLzMuODdlOTAxYWRiZDJkYmIzNTY0NTg1NDIxMjJlZTVjYzA1MGM4ODk5My5hcGs=&iat=1647044198&sig=59e9b2a4bce4df08c66868eb928feb56&size=34982387&from=cf&version=latest,Pico Park: Mobile Game,FALCON GLOBAL LTD · Adventure,game,33 MB
https://cdn.down-apk.com/air.net.A5dplay.bleachvsnaruto/Bleach%20vs%20Naruto_1.0.0_apkcombo.com.apk?ecp=YWlyLm5ldC5BNWRwbGF5LmJsZWFjaHZzbmFydXRvLzEuMC4wLzEwMDAwMDAuZTkzYWM0YWRlODk0OTNmOGUxOTI1YmE3OTcxOTk5OTZkYTU3Zjc0OC5hcGs=&iat=1647044748&sig=aef869003003106b277f9af7af1ea4b1&size=104431094&from=cf&version=latest,Bleach vs Naruto,Bleach vs Naruto · Action,game,100 MB
https://cdn.down-apk.com/com.fusee.MergeMaster/Merge%20Master%20-%20Dinosaur%20Fusion_1.0.14_apkcombo.com.apk?ecp=Y29tLmZ1c2VlLk1lcmdlTWFzdGVyLzEuMC4xNC8yMi4wNzg1YjEzOGI4MDRkOTZiNTE2MTRmNWRlYzM0YWQwYmVkZmMyYTQ1LmFwaw==&iat=1647044750&sig=edd5ce19b6212aaa5d212a6cc23355dd&size=88914771&from=cf&version=latest,Merge Master - Dinosaur Fusion,HOMA GAMES · Arcade,game,85 MB
https://cdn.down-apk.com/com.supercell.clashmini/Clash%20Mini_1.1488.5_apkcombo.com.apk?ecp=Y29tLnN1cGVyY2VsbC5jbGFzaG1pbmkvMS4xNDg4LjUvMTExOTAuOGExNDg1ZGQ5NGE5YmFkMTA3NDZhNGE2YTcxZmY5NTZkNjcxMjdhZS5hcGs=&iat=1647044751&sig=2116cc6141a00e810509f95cc4df0799&size=128797977&from=cf&version=latest,Clash Mini,Supercell · Strategy,game,123 MB
https://cdn.down-apk.com/com.g5.mobile/Grand%20Theft%20Auto%20V_1.3_apkcombo.com.apk?ecp=Y29tLmc1Lm1vYmlsZS8xLjMvMi5mMTdhYTU3Zjg3OTUyZjJkNWRiYjNiMjk0OGFmZGMyZTRhMzBkZjM4LmFwaw==&iat=1647044753&sig=4552308a258a78a4650a6e1781994bbd&size=35774642&from=cf&version=latest,Grand Theft Auto V,GTA5APP · Action,game,34 MB
https://cdn.down-apk.com/play.game.champ.win.cash.alpha/Qureka%20Pro_1.0.0.85_apkcombo.com.apk?ecp=cGxheS5nYW1lLmNoYW1wLndpbi5jYXNoLmFscGhhLzEuMC4wLjg1Lzg1LjQxNzRmZjBkNDEzNTU5ODIyODM4YmFjOTNkZTBkZDBiNjk1MDQwMTAuYXBr&iat=1647044755&sig=d166241f7a9160da972688aa51e62162&size=14262978&from=cf&version=latest,Qureka Pro,Qureka · Casino,game,14 MB
https://cdn.down-apk.com/com.hammergamebjeda3/Magic%20Tekken%204_1.1.1_apkcombo.com.apk?ecp=Y29tLmhhbW1lcmdhbWViamVkYTMvMS4xLjEvMTEuYmU3NmMwYTFiNzdlM2UyNjQ3MzgyYWYyNDUwNjM4NTYyYWJmZjU0My5hcGs=&iat=1647044757&sig=9e86eafeaba4892d5bab3d14b3cbc375&size=97197707&from=cf&version=latest,Magic Tekken 4,WB Balinco Studio · Action,game,93 MB
https://cdn.down-apk.com/com.herogame.gplay.sandbox.spacesurvival/Project%20Stars_1.0_apkcombo.com.apk?ecp=Y29tLmhlcm9nYW1lLmdwbGF5LnNhbmRib3guc3BhY2VzdXJ2aXZhbC8xLjAvNzI1LmUyOWIyNmMzZWRiNWQzYWNmNTdjNGM3YTA0NjMyNWE1NTY5OTExNzIuYXBr&iat=1647044347&sig=260ea1d38ce44e65b8309e83ae8b64b2&size=1110808857&from=cdn&version=latest,Project Stars,xiaojiao zhang · Adventure,game,1.03 GB
https://cdn.down-apk.com/com.ihgames.im.android.google/Infinite%20Magicraid_1.2.0_apkcombo.com.apk?ecp=Y29tLmloZ2FtZXMuaW0uYW5kcm9pZC5nb29nbGUvMS4yLjAvMTEuOGJlZTk3MTFlYTQzMDQ1Y2MxMWIwMGViZmZmNTUwNjBlYjcxZmRhYi5hcGs=&iat=1647044761&sig=ea4c7dcfced303fbd92f1c98d6bd2062&size=793393229&from=cdn&version=latest,Infinite Magicraid,Infinite Magicraid · Role Playing,game,757 MB
https://cdn.down-apk.com/com.AgainstGravity.RecRoom/Rec%20Room%20-%20Play%20with%20friends!_20220304_apkcombo.com.xapk?ecp=Y29tLkFnYWluc3RHcmF2aXR5LlJlY1Jvb20vMjAyMjAzMDQvMjE3OTQyNjMuMDMwM2Q1NzlmMmYyZTA4YmZmMWZkYmI2OGZkNjdkOGU4NGNiNTc4Ni56aXA=&iat=1647044764&sig=98bb326a419c810ebb22b183831c39ee&size=1359616638&from=cdn&version=latest,Rec Room - Play with friends!,Rec Room · Adventure,game,1.27 GB
https://cdn.down-apk.com/com.mojang.minecraftpe.mod/Minecraft%20Mod_1.4.5.9_apkcombo.com.apk?ecp=Y29tLm1vamFuZy5taW5lY3JhZnRwZS5tb2QvMS40LjUuOS84ODEwMjA5NTkuZGMzZGYwNmMxYmIzYzM1MjI0NWY0YTMwYzY5YWY2N2JjYWU3MjJlOC5hcGs=&iat=1647044766&sig=44de44680e7e6cd6d9ac5bf1486bed3f&size=86892064&from=cf&version=latest,Minecraft Mod,Uploader · Arcade,game,83 MB
https://cdn.down-apk.com/test.sandboxol.blockymods/Blocky%20Mods%20Testing_1.5.1_apkcombo.com.apk?ecp=dGVzdC5zYW5kYm94b2wuYmxvY2t5bW9kcy8xLjUuMS8zNDEwLjIxMjc2YzcyYWI1YWYwMmIzNzIxNTFlNjhlZTIwYzQ4Mzc3ZTZkMzcuYXBr&iat=1647044769&sig=2703e51f966c7b51b52536c5ca639df0&size=134560420&from=cf&version=latest,Blocky Mods Testing,Blockman Go · Arcade,game,128 MB
https://cdn.down-apk.com/com.FullTech.MinecraftDungeons/Minecraft%20Dungeons_2.0_apkcombo.com.apk?ecp=Y29tLkZ1bGxUZWNoLk1pbmVjcmFmdER1bmdlb25zLzIuMC8xLjllN2VkMmRjMmU2OTBkMzU1ZGZmZDRjNjQ4ZTYwOTg3ZjUzOWRkYzAuYXBr&iat=1647044771&sig=218db62d3f58a8c10b91acaa56d6ed37&size=173025180&from=cf&version=latest,Minecraft Dungeons,Dungeons · Role Playing,game,165 MB
https://cdn.down-apk.com/com.netease.cityna/Fading%20City_'1.306065'_apkcombo.com.apk?ecp=Y29tLm5ldGVhc2UuY2l0eW5hLycxLjMwNjA2NScvMzA2MDY1LmM5MmI3NmVkZTM3NjQ1YjAwNjFhM2I3ZGJlMzBkYTkyZmJkOTU1ZjQuYXBr&iat=1647044774&sig=ef79aefeccbe8b3a8365db9ae1456fba&size=1167759934&from=cdn&version=latest,Fading City,Netease Games Global · Role Playing,game,1.09 GB
https://cdn.down-apk.com/com.mariagarrys.walkthoutips/Garry's%20mod%20:%20gmod_1.0_apkcombo.com.apk?ecp=Y29tLm1hcmlhZ2FycnlzLndhbGt0aG91dGlwcy8xLjAvMS5iMzk2NTkxNTFlODdjMjIyNTA3YzE1MDNmYTMzZTgzMGQ3ZDNlNmJhLmFwaw==&iat=1647044776&sig=83aeff37832f59fa70b67f7564b4f4f2&size=55725524&from=cf&version=latest,Garry's mod : gmod,Garry's studio LTD · Simulation,game,53 MB
https://cdn.down-apk.com/com.TwentySeven.MelonPlayground/Melon%20Playground_7.1_apkcombo.com.apk?ecp=Y29tLlR3ZW50eVNldmVuLk1lbG9uUGxheWdyb3VuZC83LjEvNTEuN2JlZmEwNWZmMTg0Yjc1OWFlNjY4YjA3NjhhN2Q3ODkzNGEyNjU2My5hcGs=&iat=1647044778&sig=38f3daf6c5a26cd7ec7cffa8249eb3d9&size=39594696&from=cf&version=latest,Melon Playground,TwentySeven · Simulation,game,38 MB
https://cdn.down-apk.com/com.ea.gp.fifaultimate/EA%20SPORTS%E2%84%A2%20FIFA%2022%20Companion_22.6.1.2245_apkcombo.com.apk?ecp=Y29tLmVhLmdwLmZpZmF1bHRpbWF0ZS8yMi42LjEuMjI0NS8yMjA2MS5kNDY0ZDI5N2FlYmQ2YWJmN2RiZDVhMTQ4N2JjMWVkNzA0YzYwNGQ3LmFwaw==&iat=1647044780&sig=d2341e9f0bd8e081ca0fbd563be652fe&size=43352602&from=cf&version=latest,EA SPORTS™ FIFA 22 Companion,ELECTRONIC ARTS · Sports,game,41 MB
https://cdn.down-apk.com/com.rummygame.client/RummyPro_1.0.2_apkcombo.com.apk?ecp=Y29tLnJ1bW15Z2FtZS5jbGllbnQvMS4wLjIvNS5jZTQyMDljZmU3M2UwY2ZiMDBiMzQyNDcwNzgzYTcyZDlhZTk4ZmY3LmFwaw==&iat=1647044783&sig=c1f838d15b847c2c3c1b67dceab3d646&size=23277808&from=cf&version=latest,RummyPro,GM2028 Games · Card,game,22 MB
https://cdn.down-apk.com/com.GybeGames.FillTheFridgeTest/Fill%20The%20Fridge_1.8.5_apkcombo.com.apk?ecp=Y29tLkd5YmVHYW1lcy5GaWxsVGhlRnJpZGdlVGVzdC8xLjguNS81MC43YzU1NzM3ZTZkNzIyMzAwMjMzZDhhNDQ5YTdiOTEwMDc2ODFkMjM3LmFwaw==&iat=1647044785&sig=8cbba2032f1f950b9e9c5ac6e4b72769&size=57440789&from=cf&version=latest,Fill The Fridge,Rollic Games · Puzzle,game,55 MB
https://cdn.down-apk.com/com.nintendo.zaca/Animal%20Crossing:%20Pocket%20Camp_5.0.1_apkcombo.com.apk?ecp=Y29tLm5pbnRlbmRvLnphY2EvNS4wLjEvNDExNTYuYjdkMGY1ZjJmZjFkNmU5ZDFhODAwOWZlMzQ2NmRhMzk3NTQ4ODAyNS5hcGs=&iat=1647044788&sig=08d520f92ae30ac60295eaa113f9d719&size=178584224&from=cf&version=latest,Animal Crossing: Pocket Camp,"Nintendo Co., Ltd. · Simulation",game,170 MB
https://cdn.down-apk.com/com.garena.game.codm/Call%20of%20Duty%C2%AE:%20Mobile%20-%20Garena_1.6.30_apkcombo.com.xapk?ecp=Y29tLmdhcmVuYS5nYW1lLmNvZG0vMS42LjMwLzEzNTI0LjUyZDVlMmFlMjA4NWU5NDk3N2IwMTdjMTczYTg0Mjg0YmEzODAxMTEuemlw&iat=1647044791&sig=6cdd8e8d9e435438fde1c44574131a1c&size=1871907254&from=cdn&version=latest,Call of Duty®: Mobile - Garena,Garena Mobile Private · Action,game,1.74 GB
https://cdn.down-apk.com/net.Angry_Sea_Dragon_asd/Angry%20Sea%20Dragon_1.0.0_apkcombo.com.apk?ecp=bmV0LkFuZ3J5X1NlYV9EcmFnb25fYXNkLzEuMC4wLzEuMjI0ZjIzMTFhZjRjOTZlNDZmYmQzYmM1NDFlN2RiNjA1YWMzY2FjZi5hcGs=&iat=1647044793&sig=2215eb366077242d93ed1820d100f64c&size=24244639&from=cf&version=latest,Angry Sea Dragon,mymuislkjhm · Casual,game,23 MB
https://cdn.down-apk.com/com.pubg.imobile/Battlegrounds%20Mobile%20India_1.8.0_apkcombo.com.xapk?ecp=Y29tLnB1YmcuaW1vYmlsZS8xLjguMC8xNTkwMC5iODlmMWFhYTNhNzYzNjc4NGVmODllY2I2NWMzMWQ3YjNlNzdlMTI1LnppcA==&iat=1647044796&sig=1ad4aaa121ef90756088427e9cab6572&size=773717431&from=cdn&version=latest,Battlegrounds Mobile India,"KRAFTON, Inc. · Action",game,738 MB
https://cdn.down-apk.com/nullsroyale.rel.free/Null%E2%80%99s%20Royale_3.2729.1_apkcombo.com.apk?ecp=bnVsbHNyb3lhbGUucmVsLmZyZWUvMy4yNzI5LjEvNTI2LjhkYWE1MDQ2Yjk2YTlmZTRkYTQwMDhmZjI5MjFlOWRkZmY3NDIzODAuYXBr&iat=1647044798&sig=2dd0140fc0c1c6f482310d244950b21e&size=154015079&from=cf&version=latest,Null’s Royale,nulls.gg · Strategy,game,147 MB
https://cdn.down-apk.com/com.supercell.clashofclans/Clash%20of%20Clans_14.426.3_apkcombo.com.apk?ecp=Y29tLnN1cGVyY2VsbC5jbGFzaG9mY2xhbnMvMTQuNDI2LjMvMTQ1MS41Zjk3ZjJhN2M3MzcyY2YyMDQzYjQ2YjJmMmJhOWQ1YmE5NDI4MWJhLmFwaw==&iat=1647044647&sig=a726fb5041d4344f63bf8750a79275e2&size=207794335&from=cf&version=latest,Clash of Clans,Supercell · Strategy,game,198 MB
https://gcdn.down-apk.com/com.arthur.wanguo/Civilization%20Founder_1.0.15_apkcombo.com.apk?ecp=P3Rva2VuPUFPVENtMFNONEZKMDh2bExLeERIV3E5d0JKRDNSRjBSU1ZYU3BBT3dRTnBOTjNVUE1oN3AybVg1N090QXdONnBONmNQbnYyQm5KNXZnbVBqQ1VnQ3NZV2pMUVNnUzh6by1DVVVXY3FhTjBfdFp0SXl1bDlaVmJyMzg4V3BlMzVVa3pKXzV0eUplbzNkbTF5dWFYcTlUVWY4QVZxR1ZhUlhIODY3bnVrSmhhaXlBcUc0LUJ2THJ4d3VrZGItOW4xOTZmY2xtelM1UWxJOEhDbFNuV2hXcVhWWjFQWjJUY05JTmlpOEc3NE1KOTJqcU51ay0tSnZHWEdCMV9YY0RGMm0tU3dkM1Vad0lLd1VRYmZ2UFBXUHlvNUtEZzdsLVoxaUlmRXFCUjVRQXR3WjB3eWdqMzBKbF9HaF9rbXgtOEUtdm5uMDNZbm9sVDdnNkRnUHFTLTNXTzhOaTEtdko2aW5iY1ZCSnhoWXQyX3FhVTU0ekowRnlpSTJIWDhqS1A2TEhSUURId3RxRmpLRWRWVHU2Yl9wd3NyeTFlWSZjcG49OVUyYzRGRWk1bG5JOExNeQ==&iat=1647044802&sig=fc526f345ff8e24ffaddc467860ddd69,Civilization Founder,JYXS Games · Role Playing,game,457 MB
https://gcdn.down-apk.com/com.gk777.GK888/GK888_1.1.35_apkcombo.com.apk?ecp=P3Rva2VuPUFPVENtMFQyaFZSdXF6aGZjRFRnNEZKT3l6NU1Eb2JnZWZtVFdpdjM3a3V3QlpVRlRrXy1vRTJZTFJER094aXFocTVOdUVnUjdNUXhvZUVjMFBzcjRpX0JJbl9Da2NYWnRrblp1VUEwcnVYeS1RbkFBSjJSWHVWbS1LcjF6MDBtWFpkNkpWSnpWQm9wWGRUNXVSNVFzdmpWVHNiSm9ZUUlWbmt3S3ltQnFsdUJuVzJuNEE5em4tcC1HS2pvRnBOX2p0Y29Cd0VqQXF0Sk53Vi1rOHRUdTNVQXByUllLWHo1Tk1SMjc0ZXVtMHVibHFMSmFzQWFfb1pmX2pXWFFzVVpOdlN3ZDNXZWwzYjNfeVZ6YWt5UzE3bll0cTNUQlZiV09zWnB1WUtnc0FKRmZDbVY0Tko3R2VFeW53M0tzUkxuUktkYVRwQklMaWVTMXE0XzZxVVREUE1EQ2RxT0tRSl9YNk5vbHVTa1RwYkhIRzZqOXFCcUxsNGJ3Wlh3UGdvaGs2cmNoVmlGRWZpRWQ5QkkzdyZjcG49THhzSFBhM05oaTJXdUtzeg==&iat=1647044804&sig=d5b1217f147d25cd7a08ef723ea73255,GK888,Game King 888 · Casino,game,54 MB
https://cdn.down-apk.com/com.GlobalSoFunny.Sausage/Sausage%20Man_12.70_apkcombo.com.xapk?ecp=Y29tLkdsb2JhbFNvRnVubnkuU2F1c2FnZS8xMi43MC8xMjc4LjM5M2Q3NDZlYmFlMzJhYTY0NjJmY2EzZDkxNzc5NjAxMTg2MGIyYTQuemlw&iat=1647044806&sig=e84d6c3d10811c6d495a7686a2e9d02b&size=1088011255&from=cdn&version=latest,Sausage Man,XD Entertainment Pte Ltd · Action,game,1.01 GB
https://cdn.down-apk.com/air.com.lunime.gachaclud/Gacha%20Cute_1.1.0_apkcombo.com.apk?ecp=YWlyLmNvbS5sdW5pbWUuZ2FjaGFjbHVkLzEuMS4wLzEwMDEwMDEuZjAzYTEwMTc2YzkwNTNlYzBjZWUxYTAxZTE0OTljNjQ2NDY4MjgyYi5hcGs=&iat=1647044808&sig=b6640778da6e6d572a219d82800f9917&size=142316447&from=cf&version=latest,Gacha Cute,Lunime · Role Playing,game,136 MB
https://cdn.down-apk.com/com.gta.vice_city_stories.lawyer.insurance/Grand%20Theft%20Auto%20-%20Vice%20City%20Stories_8.0_apkcombo.com.xapk?ecp=Y29tLmd0YS52aWNlX2NpdHlfc3Rvcmllcy5sYXd5ZXIuaW5zdXJhbmNlLzguMC84LjVkOGJiYmQxNmYwOGRjMzY4NDAzYTBlMjFiNWM5MTNjYzczNjJiZGEuemlw&iat=1647044811&sig=96bc0a1fb615f89d3afbf424b347a3a7&size=935236931&from=cdn&version=latest,Grand Theft Auto - Vice City Stories, · Action,game,892 MB
https://cdn.down-apk.com/com.arcadesindo.dimensilainserena/Dimensi%20Lain%20Serena_1.1.2_apkcombo.com.apk?ecp=Y29tLmFyY2FkZXNpbmRvLmRpbWVuc2lsYWluc2VyZW5hLzEuMS4yLzEwMTAyLjc0Yzc1ZGZlNTZmOTZlMzg3ODQ3MTNmOTU5YzExNGUzNjA5YWE4NmYuYXBr&iat=1647044813&sig=9498334a6d50fc6c378eed62ce2ea6f4&size=18369079&from=cf&version=latest,Dimensi Lain Serena,Arcadesindo Games · Arcade,game,18 MB
https://cdn.down-apk.com/com.ea.gp.fifamobile/FIFA%20Soccer_15.5.04_apkcombo.com.apk?ecp=Y29tLmVhLmdwLmZpZmFtb2JpbGUvMTUuNS4wNC80MDIwMy5mODY5MjIxOTM3NzQyMjM4NTIwYjAzMmYzMTM1ZWE1ZmEwZGE5N2Y5LmFwaw==&iat=1647044815&sig=080a09f0b2d1b18517e948a1e0349f0d&size=130736021&from=cf&version=latest,FIFA Soccer,ELECTRONIC ARTS · Sports,game,125 MB
https://cdn.down-apk.com/com.playtika.slotomania.pas/Slotomania%20VIP_6.26.6_apkcombo.com.apk?ecp=Y29tLnBsYXl0aWthLnNsb3RvbWFuaWEucGFzLzYuMjYuNi82MjYwMDAwNjEuZGJkMTcxY2ZjMWQzMTE4ZDhjMjIxMDY5NmVmZjZiNWQzYWJiNmMzNS5hcGs=&iat=1647044818&sig=5fcdd63a37d44a62905e8c7908235a24&size=134355471&from=cf&version=latest,Slotomania VIP,Uploader · Card,game,128 MB
https://cdn.down-apk.com/com.miHoYo.GenshinImpact/Genshin%20Impact_2.5.0_5517525_5674503_apkcombo.com.apk?ecp=Y29tLm1pSG9Zby5HZW5zaGluSW1wYWN0LzIuNS4wXzU1MTc1MjVfNTY3NDUwMy8zNDIuNmFmYWNhNDljY2U1YzMxY2FhYzNiMTYwNGEwOWY4ZWI1MTZjNTc4NC5hcGs=&iat=1647044819&sig=9c94ef291bfd620dad243ae4be76f4c9&size=343835416&from=cf&version=latest,Genshin Impact,COGNOSPHERE PTE. LTD. · Adventure,game,328 MB
https://cdn.down-apk.com/com.aniplex.fategrandorder/Fate%2FGrand%20Order%20FGO%20JP_2.48.1_apkcombo.com.apk?ecp=Y29tLmFuaXBsZXguZmF0ZWdyYW5kb3JkZXIvMi40OC4xLzI3Mi44ZTZlZTk4N2E1YzYyYWFhNDQ1OWM2ZWM4OWNjOWZkMTg5MjY4Y2FkLmFwaw==&iat=1647044822&sig=eba8b82b6a1ec3e38939cc404f3d8a06&size=92414297&from=cf&version=latest,Fate/Grand Order FGO JP,Aniplex Inc. · Role Playing,game,88 MB
https://apkcombo.com/d?u=aHR0cHM6Ly9kLTI1LndpbnVkZi5jb20vYi9YQVBLL1kyOXRMbTl1WlcxMExtRnVaQzV6YUdWdVh6SXhYMkk1TlRKbFlURTM/az0zZDg1MDMxYTg0NzM4YTA2MmQwMmM4ZWRjNTMxNmYzNDYyMmUzYjA0JnV1PWh0dHAlM0ElMkYlMkYxNzIuMTYuNzMuMSUyRmIlMkZYQVBLJTJGWTI5dExtOXVaVzEwTG1GdVpDNXphR1Z1WHpJeFgySTVOVEpsWVRFMyUzRmslM0QwOWI4NTJmNTMyOWU2ODE1OWFmNTlmYTZjNzc5OGRmNDYyMmUzYjA0Jl9mbj1RWFIwWVdOcksyOXVLMVJwYldWZk1TNDFMakl4WDJGd2EyTnZiV0p2TG1OdmJTNTRZWEJy,Attack on Time,ONEMT · Adventure,game,827 MB
https://cdn.down-apk.com/com.hcg.cok.gp/Clash%20of%20Kings_7.28.0_apkcombo.com.apk?ecp=Y29tLmhjZy5jb2suZ3AvNy4yOC4wLzI3OTYuZWQxNmQyMDkzMjE1OWM4ZDFjNWNmZWQ3NGNjNDg0ZWY1YTRkMzJmNi5hcGs=&iat=1647044826&sig=867e821f3d92d56a86998c1f5f0a7be5&size=216000692&from=cf&version=latest,Clash of Kings,Elex Wireless · Strategy,game,658 MB
https://gcdn.down-apk.com/com.y2sgames.girlwarsjp/%E5%B0%91%E5%A5%B3%E3%82%A6%E3%82%A9%E3%83%BC%E3%82%BA:%20%E5%B9%BB%E6%83%B3%E5%A4%A9%E4%B8%8B%E7%B5%B1%E4%B8%80%E6%88%A6_1.0.11_apkcombo.com.apk?ecp=P3Rva2VuPUFPVENtMFRsTkpTZUNaQTdzeXVqVkZkb1Y5WVA1cDQxRk5oNWF1MW8xVmJnM3pKUTZIRUZWcFZLaWZnWXZqa0wxX1dHaEhES1NKUVc0S1libWN0ZWYwZHhaMnhkOWJIUHBFX0h2bjJ6V1p0WWFTMkx1bk5sVmlFRkI2ZjZxYkVidVFYQ0w5QUhjZGpteXVGZktpbnFVTVlMUm1JZDZMb3ltdzZfb0ROOG04VUwyQnpvQ3JsWFdwcnJOZm9Pa3RzU2Y0OHRtc0xqRm5tQzVwWDY0UlpPVlNEVnpQcUMzdVNqelRmMlFtdk5ZQy0ySGstZ1VNNXl1MS1RZkdES2lyMU5yZmhLcElyblN5TW9nb1hQdUw0RGNCU1VsUE5xRlRqUFBqTWZuMVdWMUYxXzNBQXlyMm00aEN1aUVjYmhnNmRuQVBqVzlCR1NIMTNYdnNmS1hIRlpKbGh0dmdtQlJubjdTTkVuY3M5RWF6dzlwU3NWNU5sTnFUd3VhNENUZ3FjNjJwdm9Yc3hXMzZBYTJNZGRYS1FVX0hGS0h6ejgmY3BuPUJSYU5EQ251Y1pLM0NsbDM=&iat=1647044828&sig=a7c86d6b1e6a5bfaaa3ec9eb8af78cdd,少女ウォーズ: 幻想天下統一戦,Y2SGAMES · Card,game,43 MB
https://cdn.down-apk.com/com.candy.kaboom.gp/candy%20kaboom_1.1.8_apkcombo.com.apk?ecp=Y29tLmNhbmR5LmthYm9vbS5ncC8xLjEuOC8xMTguODZjZjMxZjc0YWYyMWVmOGYzYmYxMjU4NDQ1ZTU5NWMwMzBiMDM1Yi5hcGs=&iat=1647044830&sig=9b0fb0a8dc465f605e0294e75a2aa758&size=67477135&from=cf&version=latest,candy kaboom,XM Studio · Puzzle,game,64 MB
https://gcdn.down-apk.com/com.kapsicus.tiny/Tiny_0.2_apkcombo.com.apk?ecp=P3Rva2VuPUFPVENtMFQ2TU15d2FTb2FVZU5Vd3BJd3VqM3JyTDZVUG1sbE40QzlYVDRacWxGVFNObkhzYkwxWFZPclpZQThDTEdZa01ORWxIZkY5LUtDZU8teWhMS05XM0JHZjctdWVDMmJFWWFHNHZ5S01ZaVBWZmh6TnRJMHZPaXU0SEhQNmtNbm1nSjctSm5iUVUwa0o0a3g3SnZrUTlUaGMxU21tc1FGWHRTcjI0Rnh1X2VIVUR0Tm5MZjJVbHY1RjQ0WkVUaXA3SUhiZEdhRWtVYkstcXM0NXZsMElSRFlOY3ZRajhBalU1YTlkOUV1RjNDaUJOeWk5ZEo0RzQ4WVJ4b0FLd1cxaVF4U2o3V3FRRVdyVnNKMmxyVnhOV1YwdS1aQXNlVzVocUhha2podjljQjBvSkxVbEk2djRjREU5dC1CVzlpMnQ0N2ZFUkNHcmJ3MlRqTzZtZnhTN29Zc3VDdURmWGVkTl8yWXV0RTlMNVk5UThQOEV3OVFQSjRFOEJORWJMS3FZMzVMdlhUMkVrdEpPa1EmY3BuPW5ZUjJsRGpYOUNFeFUyU3I=&iat=1647044832&sig=8122047cb0135f1adae248e95defa0a0,Tiny,Kapsicus · Action,game,131 MB
https://cdn.down-apk.com/com.tencent.igce/BETA%20PUBG%20MOBILE_1.9.2_apkcombo.com.apk?ecp=Y29tLnRlbmNlbnQuaWdjZS8xLjkuMi8xNjAxNS5kNTljMDQ2ZDBiMTJjNjNlMWNiMDU3NTJlZDdlOTM0NDUzNWI0YzYwLmFwaw==&iat=1647044834&sig=695db2d0ba5111c3a5d6405a02536d73&size=826147106&from=cdn&version=latest,BETA PUBG MOBILE,PROXIMA BETA · Action,game,788 MB
https://cdn.down-apk.com/com.app.blockmango/Blockman%20GO%20-%20Adventures_2.16.9_apkcombo.com.apk?ecp=Y29tLmFwcC5ibG9ja21hbmdvLzIuMTYuOS80MzM5LjRjY2RlMTM5NWI1ZWQ2NDk4NDQ4YjE2ODEzMTVlYzEwOWE2N2VmZmIuYXBr&iat=1647044836&sig=76040abf242ffa7fa3592a6bedeb01f1&size=140032547&from=cf&version=latest,Blockman GO - Adventures,Studio Cubo Private Limited · Role Playing,game,134 MB
https://cdn.down-apk.com/com.pussy888/pussy888_1.0_apkcombo.com.apk?ecp=Y29tLnB1c3N5ODg4LzEuMC8xLjlhZTM4YTQzNjZjNWYzMmE3ODE3MzI5OTBkMzdlZjE0OWYzZWUwMWUuYXBr&iat=1647044838&sig=e11fd288b7130d57479896ebb09b7764&size=70793709&from=cf&version=latest,pussy888,Klinkenberg Bullo · Casino,game,68 MB
https://cdn.down-apk.com/com.tencent.iglitece/BETA%20PUBG%20MOBILE%20LITE_0.22.1_apkcombo.com.apk?ecp=Y29tLnRlbmNlbnQuaWdsaXRlY2UvMC4yMi4xLzE1NTkxLjk5YjhiYjdjOTg3ZDdmZTUwMjExOWFkMzEyODBjMTVhYTZhYzE3NDMuYXBr&iat=1647044840&sig=8f678c649aef32e799ec7920b5befe97&size=793965829&from=cdn&version=latest,BETA PUBG MOBILE LITE,Tencent Games · Action,game,757 MB
https://cdn.down-apk.com/com.fingerfun.mu3.gp.uscbt/MU%20ORIGIN%203%EF%BC%88Closed%20Beta%20Test%EF%BC%89_1.0.9_apkcombo.com.apk?ecp=Y29tLmZpbmdlcmZ1bi5tdTMuZ3AudXNjYnQvMS4wLjkvOS5hNWJjOWU4MTQ5MzAxNWE5YTU5NzJjOWU1Y2M0MTJlYjQ1YzkzMGE2LmFwaw==&iat=1647044842&sig=503846400d5c7dfdfea8acf543513184&size=1010172372&from=cdn&version=latest,MU ORIGIN 3（Closed Beta Test）,FingerFun Limited. · Role Playing,game,963 MB
https://cdn.down-apk.com/com.snow_penguins.brothers_climbers/Adventure%20of%20Brothers%20Penguins%20._4.049_apkcombo.com.apk?ecp=Y29tLnNub3dfcGVuZ3VpbnMuYnJvdGhlcnNfY2xpbWJlcnMvNC4wNDkvNC42MTc2M2E0MzZmM2I1YWJjYjFjMmQyZWViNWQ2ZDMyM2M2MGE5MWJhLmFwaw==&iat=1647044844&sig=4a155ab12b23c7a3e07af6ea2754c390&size=52258650&from=cf&version=latest,Adventure of Brothers Penguins .,Penguin Gundum brothers. · Adventure,game,50 MB
https://cdn.down-apk.com/com.ea.gp.fifaworld/FIFA%2016%20Soccer_5.2.243645_apkcombo.com.xapk?ecp=Y29tLmVhLmdwLmZpZmF3b3JsZC81LjIuMjQzNjQ1LzIwMjAyMjIyMjIuZjhkYTNlMzNiNWUzNjlhNDI3NmI4OTI3MGU5NTEyNmYwMjc3ZTYxOC56aXA=&iat=1647044846&sig=7519cabf038c9886fd9147faa4db9ba0&size=797109126&from=cdn&version=latest,FIFA 16 Soccer,ELECTRONIC ARTS · Sports,game,760 MB
https://cdn.down-apk.com/com.chapertowpplayttim.chaponeppla/Poppy%20Playtime%20Chapter%201_1_apkcombo.com.xapk?ecp=Y29tLmNoYXBlcnRvd3BwbGF5dHRpbS5jaGFwb25lcHBsYS8xLzEuMGE4ZTIxNjI2YmJkZTk4YWQ3OWJlYmM3NjY5ZmU3ZjljZDEyOWM2Zi5hcGtz&iat=1647044848&sig=052a3aac13d1feaf058726b292365ac2&size=112757627&from=cf&version=latest,Poppy Playtime Chapter 1,crazyGames Loootteed · Arcade,game,108 MB
https://cdn.down-apk.com/com.mp.foodtrucksimulator/Food%20Truck%20Simulator_1.2_apkcombo.com.apk?ecp=Y29tLm1wLmZvb2R0cnVja3NpbXVsYXRvci8xLjIvMy5mNTZmYTRmOGYxYjQzMDE2ZjgwMWMzNGU5YjBhNmI2MTIwZDIwNzMxLmFwaw==&iat=1647044850&sig=cb26eb0315b7b56f168b4cae5e5bbb74&size=51950290&from=cf&version=latest,Food Truck Simulator,MobilePlus · Simulation,game,50 MB
https://gcdn.down-apk.com/com.dmm.games.aria/%E7%A5%9E%E6%AE%BA%E3%81%97%E3%81%AE%E3%82%A2%E3%83%AA%E3%82%A2%20%EF%BD%9E%E6%82%AA%E9%AD%94%E5%B0%91%E5%A5%B3%E3%81%AE%E3%83%AA%E3%82%A2%E3%83%AB%E3%82%BF%E3%82%A4%E3%83%A03DRPG%EF%BD%9E_1.9.5_apkcombo.com.apk?ecp=P3Rva2VuPUFPVENtMFRCWVZ2bUJ4TERuMDJzVmMzelR4SEV6aG5qZDdadGlrMDdZRDJYSUdGbEc5YmZDWGJCVUZ3MzZsUWJfbE1GSERWRDJ2eFhnU3F0bzJRR25ZVXdXMVl4SVljc2JiVHB4NE5DeUxoTGVqOVc1eExkNS1WbjZDNGdpbmRUaDJxRXRPSFgtSUZXNGtoekFQNVIxMkVNVEZaeVJWM0RXc3BUckdVR3l1MkRzc1Z1Z1l3VWplNnFXcHBrQlBZUW8xb0ZDOEdnRng2TFdpclBjVE52d0VsTmxEUDJnbm10YWFSMUlpY0gyX1Y4RURlZ0R2aXpBZmVWZ0NSSWRMY1pzQzY3YjBET24tMnQycHh3Q191OURIT0NVZlZzdWFndHNEUTN3V1drakVKcDQzWkNxd2RXLU0zSEpvUno3NlNiNHhHeWJJVWN3SXdhS0hNR3dsOHRGVGswSmp5VFVQTVF6Sk04Y3pWWGtwd0dHUFlPZFRGcFh3OUhaNFdnVks3WC1Vc2lBbVlsbHhLSlZKLVNhYUo1emdHWFFGQSZjcG49d2ZydF9IWkRRb05Kbm1YZg==&iat=1647044852&sig=bb9d3c7b05efd550faed75e7f8f8818c,神殺しのアリア ～悪魔少女のリアルタイム3DRPG～,DMMGAMES · Role Playing,game,117 MB
https://gcdn.down-apk.com/com.yxgame.IdleWar/Master%20of%20skills_1.0.8_apkcombo.com.apk?ecp=P3Rva2VuPUFPVENtMFFpOFJTMEU5clR6cDFvQVR2bnJJNmJJaENJMTBCZUF5LW9sem1YdHIyZkF2bl9PWEZUYVFXQjFGajZucUs2dm10ZmZuS2xVV2U0TWtJakx0aXdwa2txWjMtTWRfVzNQMkprWTF4Q3owTHRacFZaWEt5Wk5TTVpSb3FYRmp3QklLVU83QV9haHB2WWJHV3ZYQ1JWbzJEWm1DMEluUkdoT044SUR1NXRLMzd1U1dLQ19YTEM2a1Y3Qjc1eXlxYjBMc2hzVzdKVGpNMmZ0N0E5SW8yMTRFRXhSdTBDWm1DMk51cTlGQXVXT0RRYTFTa3oyaTZQOXo0cEZHenhweE9CVzQ2V0R0bFdPM2EySEJscnItWjd3aVk2Rl9xeHFTclc1VklxUUlDUmFLeXFPVUdMclFJV3JHV29DcVBZUFM1WUdXQUxkdmlnYVhwM0NnQS0xLWJtQzZaRllTY2FCRGRNazdtc2xKZFpzeUphQ2YzN0stbG96YWdWb1N3cTdmdzFQUGhqQ0NrTmFCUkhsZEozJmNwbj16U1JxQmNobnlyS1czSDZT&iat=1647044854&sig=e00f9d957d11253fce76f83d916eb2a4,Master of skills,Yxgames · Strategy,game,129 MB
https://cdn.down-apk.com/com.MSCG.MySummerCar/My%20Summer%20Cars_1.43_apkcombo.com.apk?ecp=Y29tLk1TQ0cuTXlTdW1tZXJDYXIvMS40My8zMi4wM2YxZTc3ODUxZTllMThkOGQxYzIyODRhNWQ0ZmM5NWQyZGM5ZjliLmFwaw==&iat=1647044856&sig=dc8a5f480cb0f825d3b77969feea7b1d&size=25366469&from=cf&version=latest,My Summer Cars,IGNGames · Simulation,game,24 MB
https://cdn.down-apk.com/com.nianticlabs.pokemongo/Pok%C3%A9mon%20GO_0.231.0_apkcombo.com.apk?ecp=Y29tLm5pYW50aWNsYWJzLnBva2Vtb25nby8wLjIzMS4wLzIwMjIwMjI1MDEuNWI1ZDNjYmRmMTNhZGMwM2VlZDljY2M5ZDM0NGFmY2RjNmFkNjE5Ny5hcGs=&iat=1647044858&sig=13d40e5c81868a11b3fa5f636677d25c&size=227307114&from=cf&version=latest,Pokémon GO,"Niantic, Inc. · Adventure",game,217 MB
https://cdn.down-apk.com/com.faridshah1478.Shooting/Run%20Power%20Pamplona_1.0_apkcombo.com.apk?ecp=Y29tLmZhcmlkc2hhaDE0NzguU2hvb3RpbmcvMS4wLzEuNzk4ZTM3MGQ0MzUxYTBjZDZmYWI4MDlmMjM0MTRhYTBmYjg2MDQ4NC5hcGs=&iat=1647044860&sig=d405c9a3ab78f48ce6e303155405969f&size=4993116&from=cf&version=latest,Run Power Pamplona,Farid Ulla shah · Adventure,game,5 MB
https://cdn.down-apk.com/com.arm.game.alphaace/Alpha%20Ace_0.3.0_apkcombo.com.apk?ecp=Y29tLmFybS5nYW1lLmFscGhhYWNlLzAuMy4wLzY1MC43MDkyMzVjNThiNGFlY2E2N2NmNDc0Yzg5ZTUyZGMwNDRhYzAxNWQ1LmFwaw==&iat=1647044862&sig=c6aa9b2bd233355fd89531947060c45b&size=836720324&from=cdn&version=latest,Alpha Ace,skang studio private limited · Action,game,798 MB
https://cdn.down-apk.com/com.maleo.bussimulatorid/Bus%20Simulator%20Indonesia_3.6.1_apkcombo.com.xapk?ecp=Y29tLm1hbGVvLmJ1c3NpbXVsYXRvcmlkLzMuNi4xLzEwMDYzNS45MGE2Nzg2MWVjMWZlNzZjNjc4M2Q5ZGVjNzlmNzNlYTNkODEwNDZmLnppcA==&iat=1647044864&sig=cd5be6d860233da9224f9ecb7f9fb296&size=342460729&from=cf&version=latest,Bus Simulator Indonesia,Maleo · Simulation,game,327 MB
https://cdn.down-apk.com/com.miraclegames.farlight84/Farlight%2084_1.13.1.1.135168_apkcombo.com.xapk?ecp=Y29tLm1pcmFjbGVnYW1lcy5mYXJsaWdodDg0LzEuMTMuMS4xLjEzNTE2OC8yOS43MmRmMzlmOTAxZjQyN2Q0ZWFhMDE0NjEwMTMzZDU0OThjYzFiNjAwLmFwa3M=&iat=1647044865&sig=c81b5065f60e7ba71259faad2470aa4c&size=1030924126&from=cdn&version=latest,Farlight 84,FARLIGHT · Action,game,983 MB
https://cdn.down-apk.com/com.ea.gp.pvzn3xtp/Plants%20vs.%20Zombies%203_1.0.15_apkcombo.com.apk?ecp=Y29tLmVhLmdwLnB2em4zeHRwLzEuMC4xNS8xLjM5NTAzOGRmYmUxZjZjZjE1OGUwZWU3ODhjODYwNzA4MTY3MDZlMjIuYXBr&iat=1647044867&sig=ef275637a37b9f4d14f9e694bf570dcd&size=226033177&from=cf&version=latest,Plants vs. Zombies 3,ELECTRONIC ARTS · Casual,game,216 MB
https://cdn.down-apk.com/com.rfoxgames.kogsslam/KOGs:%20SLAM!_1.0.6_apkcombo.com.apk?ecp=Y29tLnJmb3hnYW1lcy5rb2dzc2xhbS8xLjAuNi8yOS4xMzJjZWU4ZTEwM2RmMzYwOTdmNzQwOTI2ZGZkYWNjZTk0M2I1NDIxLmFwaw==&iat=1647044869&sig=6dfa8631277e6dca2e6718b2617a2a09&size=76457475&from=cf&version=latest,KOGs: SLAM!,RFOX Games · Casual,game,73 MB
https://ztp1.down-apk.com/download/fb240616-dc8a-4f8a-b0a9-69d23a75e845?name=Imperial+Destiny%3A+Path+of+Gold_1.3.0.xapk,Imperial Destiny: Path of Gold,waleneqi · Role Playing,game,435 MB
https://cdn.down-apk.com/com.pubg.newstate/PUBG:%20NEW%20STATE_0.9.24.195_apkcombo.com.apk?ecp=Y29tLnB1YmcubmV3c3RhdGUvMC45LjI0LjE5NS8xOTUuNWNhZDI4MDVlNjMyYzVhNDU1NTBjMGY3MjZmMWMwYjA4MmFjODc1Ny5hcGs=&iat=1647044875&sig=826c0a0c3154b9ac773d970557fd534c&size=1455902361&from=cdn&version=latest,PUBG: NEW STATE,"KRAFTON, Inc. · Action",game,1.36 GB
https://cdn.down-apk.com/freebattle.fire.tips.info/Lite%20Version%20for%20Free%20Fire%20Battlegrounds_0.1_apkcombo.com.apk?ecp=ZnJlZWJhdHRsZS5maXJlLnRpcHMuaW5mby8wLjEvMS5jZWQwMmFjNzZmOWNlYmExNjczNmUyZTY5ODk2MzliMzIwYzY1MDRhLmFwaw==&iat=1647044878&sig=5dfbc691be963acdc68f69325e615077&size=13104021&from=cf&version=latest,Lite Version for Free Fire Battlegrounds,Bah Studio · Action,game,12 MB
https://gcdn.down-apk.com/com.gamepub.hab.g/Merge%20Girls%20:%20Idle%20RPG_1.0.6_apkcombo.com.apk?ecp=P3Rva2VuPUFPVENtMFRHU3JleGVLak5HUWpaWmh1M19CbUJkV3VxYTRCdk9iVk5YMzRPUWJrRGFiNFBZckFLZUdOS1BhUXkxcGlzWm9PNDB6NHZnSHR3VG1mVVl4b085bUFCSkdPdElKaFdVVFZ5UFl0YU5PVUFXVmtsX3J0UXVMX1VwWmd6Y3p3T1hrVkF1XzFoLUFreUhHaFpvNzhwM3UtNURkdzlOcGhQTjh4M093OVcyZXRTcUZlZlB2NlhWYWlZX1huOXo0Ri1CaHdyLTlyQ2xidkxxZGtTSjQxQ1U1UE5DUVpQRFVfeUlHQ1RwLWJuMVBlMVI3UnliM2xBSi1yVG1WX2JSamdxaHpqVG9xYi1wZlMwY0h3aW5UYXZDbm1uUy1SR2tvQnNnQ1R0M3ZaaGsyZGRXNVNoSTE4Q0kyNFRKaGYwNzIxcm9yVkJzMEdhaGppdFRFZ0dnWE8zdzNJV2lVRF9lR2tpUjB6V1U0WEJKemFtRWViR1Mzd0FUVkJfdkt0QkFqUWN0ekoyUHVsYmRQcUw3X3VzJmNwbj13Y3pTeHZ4eXRzX2Z6ZFRn&iat=1647044880&sig=0d47c8fdb75bd2080f3f8fcd0b175b13,Merge Girls : Idle RPG,Gamepub · Role Playing,game,133 MB
https://cdn.down-apk.com/com.race.gotlimee.twe/Bartender%20The%20Right%20Mix_1.0.1_apkcombo.com.apk?ecp=Y29tLnJhY2UuZ290bGltZWUudHdlLzEuMC4xLzEuMTJkMDJjOWEyNTI5MjI5NjFmZGYyNmM3ZjA1MTE3YmI3MTE1N2UzMi5hcGs=&iat=1647044882&sig=5a37e66e549bd67025db235148b038f2&size=19645517&from=cf&version=latest,Bartender The Right Mix,Mixen Game · Casual,game,19 MB
https://gcdn.down-apk.com/pier.make.story/IFyou:episodes-love%20stories_1.1.15_apkcombo.com.apk?ecp=P3Rva2VuPUFPVENtMFFrbUdJUTNXbzIyOGhXZEJ6ZnA0eTNPdFM0VXNhcWNpdGlfcE5JSnA0VUFDV0h5OVJDbzU5SUlnR3dWU1JUbGxsR1UtQ0w2d1NhSmFUQmpHUktjQzZhTk5mMVNSWS0wSHdOZ2hOb096ajkydWpRNTU0dTVKaVF1RFFDWXIxeG5LaG8zN0pnU0xVTldza2k3Z2pVc0FCcm1KMGxxLVczS3VPTDk5dk12ZzN5VU1wQlZJRm1tVmpoOTA3TGJHc195TGV4cjctVHNCcXpROThCNmdLN2N5QlpGa1gtNk5FMUVoTFgtMlowSjN2NVpnbEFFQTlEQW1iVm42WDRRd1h2RHhLT0xnRE9ROUtKNWxoZzF0UWR5Nk9GcC11VDlYWXJzcVJlMnl4ZTB0ak5POGlyenpQNlBmTkM5WDZ1RUhtQ1ZyLU1TRkRzaWdBbnJSNkZ6ejBwV0dBcGt5bnFzM1hqdkpMblpvRk4zS1Y2VUFDeTJ5TGRNOThQa1ZUNHBzYnhuM2Frakp6Q2ZFOFVPdyZjcG49UElPNW9Id3JLbUZ6Y2s5RA==&iat=1647044885&sig=26938ec557fd9bdca550cc1729d64f32,IFyou:episodes-love stories,PIER Corporation Inc. · Simulation,game,96 MB
https://cdn.down-apk.com/com.clashoftitansandroid.india/Clash%20of%20Titans_1.44.1.12_apkcombo.com.apk?ecp=Y29tLmNsYXNob2Z0aXRhbnNhbmRyb2lkLmluZGlhLzEuNDQuMS4xMi83MTM4NjMwMC5iNWRiOTQ2ZDJiZDUxMjc2MTc1NjVmOTYyZTkxYzQwYjIwOGVkOWU5LmFwaw==&iat=1647044887&sig=6fecc36b1dcd48e82b33496f6c346a51&size=292475542&from=cf&version=latest,Clash of Titans,Actoz Singapore · Action,game,279 MB
https://cdn.down-apk.com/com.aof.mcinabox/MCinaBox_0.1.4-p5-0119_apkcombo.com.apk?ecp=Y29tLmFvZi5tY2luYWJveC8wLjEuNC1wNS0wMTE5LzguYzcwMGU5NWJmZGM3NGRjZWE1YzQ4NWE0M2EzNDcyMDkzZWQ0MjI1Yi5hcGs=&iat=1647044889&sig=5390f47b83007177e5ea02900a1a4746&size=10152721&from=cf&version=latest,MCinaBox,com.aof.mcinabox · Simulation,game,10 MB
https://cdn.down-apk.com/com.innersloth.spacemafia/Among%20Us_2022.2.24_apkcombo.com.apk?ecp=Y29tLmlubmVyc2xvdGguc3BhY2VtYWZpYS8yMDIyLjIuMjQvMTg1MS40YmIxYmY1MzRhMWRjNzMxMDZkNmRhYjVjZWIwN2RjNDk3NGUwNDQ3LmFwaw==&iat=1647044891&sig=356d7bb345c381f25b2c2e4e8af132d2&size=129831922&from=cf&version=latest,Among Us,Innersloth LLC · Action,game,124 MB
https://cdn.down-apk.com/com.firsttouchgames.dls3/Dream%20League%20Soccer_6.14_apkcombo.com.xapk?ecp=Y29tLmZpcnN0dG91Y2hnYW1lcy5kbHMzLzYuMTQvMTExLjU2ZTQ2OWEzYmE1MzI5OGIzMmI3MDExNmM2OTVlNDI5ZmFmNDY4NzEuemlw&iat=1647044894&sig=ecaeb0ceaed8038e85b52b075716a3dd&size=384050952&from=cf&version=latest,Dream League Soccer,First Touch Games Ltd. · Sports,game,366 MB
https://cdn.down-apk.com/com.game.seaofthieves/Sea%20Of%20Thieves_1.1_apkcombo.com.apk?ecp=Y29tLmdhbWUuc2Vhb2Z0aGlldmVzLzEuMS8yLjZiNjA5NjM0YWVjMTgzMjVjYzFmMTBhZTAyNGQ2NDZlNWRhNGY3MGYuYXBr&iat=1647044896&sig=0ed8310c60a8ab5723911ca74b9c5fd3&size=29142090&from=cf&version=latest,Sea Of Thieves,Tencent.inc · Action,game,28 MB
https://cdn.down-apk.com/com.plumber.bro/Plumber%20Bro_1.2.0_apkcombo.com.apk?ecp=Y29tLnBsdW1iZXIuYnJvLzEuMi4wLzEyMC4zNGI0NmQ0Y2NmMzg3NTIzNWVjOGUyZTIxMGMzMGVlNTY1OTUwNjM5LmFwaw==&iat=1647044898&sig=9bae62fe16935275d2c86258779d0a55&size=841633835&from=cdn&version=latest,Plumber Bro,Nice Play · Role Playing,game,803 MB
https://cdn.down-apk.com/com.miniclip.eightballpool/8%20Ball%20Pool_5.6.7_apkcombo.com.apk?ecp=Y29tLm1pbmljbGlwLmVpZ2h0YmFsbHBvb2wvNS42LjcvMjU3NS5mM2U4ODE5ZjZkYjczOGI1ZTJjMzllYmViODk3OTMyODBjNmE3ZTQ3LmFwaw==&iat=1647044900&sig=bc74eda539297a0dbfcc9f2e0941dcc7&size=77707461&from=cf&version=latest,8 Ball Pool,Miniclip.com · Sports,game,74 MB
https://cdn.down-apk.com/com.mojang.minecrafttrialpe/Minecraft%20Trial_1.18.12.01_apkcombo.com.apk?ecp=Y29tLm1vamFuZy5taW5lY3JhZnR0cmlhbHBlLzEuMTguMTIuMDEvOTUxODAxMjAxLmI2NzZlZjc4MWEzNzI0ODk2NzRmMTRlYjUzYzQ0MDk0YmU3Y2QwODkuYXBr&iat=1647044902&sig=466d62d00707a7c550dd312a3b938a50&size=201642074&from=cf&version=latest,Minecraft Trial,Mojang · Arcade,game,192 MB
https://cdn.down-apk.com/com.supercell.brawlstars/Brawl%20Stars_42.333_apkcombo.com.apk?ecp=Y29tLnN1cGVyY2VsbC5icmF3bHN0YXJzLzQyLjMzMy80MjMzMy4yODJhYjFkZTllZWJjZjYxMDllOGZiY2U0MzY3NzQ2MDk3ZTFmNWVmLmFwaw==&iat=1647044904&sig=90a7f7850b8475ceef81303cce6e32c2&size=360231392&from=cf&version=latest,Brawl Stars,Supercell · Action,game,344 MB
https://cdn.down-apk.com/com.ChauhanBrothers.IndianHeavyDriver/Indian%20Heavy%20Driver_15_apkcombo.com.apk?ecp=Y29tLkNoYXVoYW5Ccm90aGVycy5JbmRpYW5IZWF2eURyaXZlci8xNS8xNS45YTNkMjY2OWMyNTIwZjE5MDNhYzNjMTAyOWJhNDM2ZTkzNWM3M2YyLmFwaw==&iat=1647044907&sig=44cfcc7143c71a244b4e6d3ff9e11f9d&size=96591270&from=cf&version=latest,Indian Heavy Driver,Chauhan Brothers · Simulation,game,92 MB
https://cdn.down-apk.com/com.lotbyc.eebytq/Ninja%20Duel%20Legend_1.0.6_apkcombo.com.apk?ecp=Y29tLmxvdGJ5Yy5lZWJ5dHEvMS4wLjYvNi45YzJkOWIxN2NkMzQ3MzViNDc1MTM1OWFjOTQwMjBkMDI3MzQzZjU1LmFwaw==&iat=1647044909&sig=191081b368f72d207460c44238711e84&size=932887946&from=cdn&version=latest,Ninja Duel Legend,Jason Cater · Adventure,game,890 MB
https://cdn.down-apk.com/com.AkhirPekan.WarnetSimulator/Warnet%20Simulator_1.9.3_apkcombo.com.apk?ecp=Y29tLkFraGlyUGVrYW4uV2FybmV0U2ltdWxhdG9yLzEuOS4zLzM1LmMwY2MyZDYzNTRiMGYzMTM3YzdlYTk5YmM5MDk3N2Q3MGY2YzE0NmMuYXBr&iat=1647044912&sig=023ab19d8307dc489978906963ec83ac&size=90468754&from=cf&version=latest,Warnet Simulator,Akhir Pekan Studio · Simulation,game,86 MB
https://cdn.down-apk.com/com.chahal.cod/Modern%20Warfare%203_1.1.1_apkcombo.com.apk?ecp=Y29tLmNoYWhhbC5jb2QvMS4xLjEvMTEuZGJmMzdmZmYyMjMxOWY5ODA2YTE1NTFlYWJjN2M1MzhiMGMxMDJiOS5hcGs=&iat=1647044914&sig=f70bfc72faa81fdc8bbd1f2c69c0da3f&size=92738040&from=cf&version=latest,Modern Warfare 3,Motrds · Arcade,game,88 MB
https://cdn.down-apk.com/topleague.soccer.football.footballgames/Top%20League%20Soccer_0.0.52_apkcombo.com.apk?ecp=dG9wbGVhZ3VlLnNvY2Nlci5mb290YmFsbC5mb290YmFsbGdhbWVzLzAuMC41Mi81Mi4zYzdmYzU4OGYxMjE2NGI0ZWFkNjY2Zjg5ZGFkZTc0OTE1ODMzMzYzLmFwaw==&iat=1647044916&sig=a26ae449ea2aadc726d2c0c7899ed3d1&size=69225575&from=cf&version=latest,Top League Soccer,Simface Games - Football · Sports,game,66 MB
https://cdn.down-apk.com/com.iapps.wbwwb/We%20Become%20What%20We%20Behold%20Alpha_1.0_apkcombo.com.apk?ecp=Y29tLmlhcHBzLndid3diLzEuMC8xLjAyOGU4YWEzODQyZjMzODJmZDhiODE3ZjMzMDExYmVlY2RiNWM4MTcuYXBr&iat=1647044918&sig=fbe6cfd17480a668c60c17b9e899870e&size=29357571&from=cf&version=latest,We Become What We Behold Alpha,Extremely Funny Games · Arcade,game,28 MB
https://gcdn.down-apk.com/com.carolgames.puzzle/Dragonfall%20&%20Puzzles_0.1.36_apkcombo.com.apk?ecp=P3Rva2VuPUFPVENtMFN5LUpiWjFFWm01RTZ0d0xCWTRjVEJUTjFrTHpNT0tpVk5jUEJUeHNKNS1xQjg1dW1xZ3RsOWo3NDhfS2hTS3l4WmZhOC0ycDlQOTlUV19qQjZVQi1QQVlzVm56ZVhvRGJUZ0lzM01YRkZISzBHdHZ0Wm1zbXpDcVRUM29yTmtHaXRSSktlVHBuT0M4OGw1WHktTHRYcklsWHlwbFgzM2s5YWtJZXhJRW9IaFBhOXQzTEhyc2hZMVVHY0ZEaDJabE9TNVRwNWVvZm5Wem82Y0xNZU5Zd3hYUXZEbVBuMDRaY0VGaWExWG8xWFRORnctWFhLWi1DZXowNGxKQmlLQVZZN2t3T2Z2a1BQOUpVeHgtekgxcUNXd1YzWlZNVC1kbDF2d1dVZDJ1SW1mNExudFNORDJHN1UyeWNHeUtpWEFWckhVSTdCN3AzR3FlMUl5WjloZ1Vxb3N5QmlYcE5mRTd4U1FKSzRteEtRZTBjMmlmNFNrdllQazlvRWdySzFlMHdXeERSS1NDN0hmYmFLTXdWOGVBJmNwbj1CeW5XUUdjOUVPaTdnajNj&iat=1647044920&sig=d499ee9223c31ba78f486eb3cca48562,Dragonfall & Puzzles,"WESTLAKE TECHNOLOGIES CO., PTE. LTD · Role Playing",game,113 MB
https://cdn.down-apk.com/com.atrasis.original/Atrasis%20-%20Private%20CoC%20Server%20-%20Original_14.426.14_apkcombo.com.apk?ecp=Y29tLmF0cmFzaXMub3JpZ2luYWwvMTQuNDI2LjE0LzIyMDMuY2I4NTgxNzNhMWEyNDQ2ODQzMDJkYThiOTBlZjBiNjVkZjAyN2IzZS5hcGs=&iat=1647044923&sig=e1f17bcc682992070f1e4e4ee72ce97e&size=195057239&from=cf&version=latest,Atrasis - Private CoC Server - Original,Atrasis · Strategy,game,186 MB
https://cdn.down-apk.com/ir.behbahan.pepsi/Pepsi%20man_1.0_apkcombo.com.apk?ecp=aXIuYmVoYmFoYW4ucGVwc2kvMS4wLzEuNmJkNjkxZGUxYmJkYTJhZDUxYTBiNWMyOGQ2MmZiZDE3MjkyNzY4MS5hcGs=&iat=1647044925&sig=a4cc819142f15b34eebac04a55425ffd&size=22315405&from=cf&version=latest,Pepsi man,Google Commerce Ltd · Racing,game,21 MB
https://cdn.down-apk.com/com.wemade.mir4global/MIR4_0.305123_apkcombo.com.apk?ecp=Y29tLndlbWFkZS5taXI0Z2xvYmFsLzAuMzA1MTIzLzM2MC5mNGQzOTliMWZiYTgyMWQzYTI2NmE3ZmMzYmQzZTljNmJhYmJkZGNkLmFwaw==&iat=1647044926&sig=df29ab20bc216c30a95fae63b44d0d50&size=156811397&from=cf&version=latest,MIR4,"Wemade Co., Ltd · Role Playing",game,150 MB
https://cdn.down-apk.com/com.herogame.gplay.hopelessland/Hopeless%20Land:%20Fight%20for%20Survival_1.0_apkcombo.com.xapk?ecp=Y29tLmhlcm9nYW1lLmdwbGF5LmhvcGVsZXNzbGFuZC8xLjAvNDMuMTg2NmExZjBlNGJjNDZmZjNjYTg0NWIyMDM1YTgzOTI1N2Q4MTJmMy56aXA=&iat=1647044928&sig=c0815622e37eb41666013e15a9cedfd6&size=372824498&from=cf&version=latest,Hopeless Land: Fight for Survival,"HK HERO ENTERTAINMENT CO., LIMITED · Action",game,356 MB
https://cdn.down-apk.com/com.dls19g.dls3/DLS%202019%20CHAMPIONS%20LEAGUE_5.04_apkcombo.com.xapk?ecp=Y29tLmRsczE5Zy5kbHMzLzUuMDQvNjcuOWVlYjVhN2NhMjI0ODFkNjc5ZjdjMjFhNDUwMWZlMTIwN2IzYmVmZC56aXA=&iat=1647044930&sig=ceadeba90115eea650fcb91270d8794b&size=380545920&from=cf&version=latest,DLS 2019 CHAMPIONS LEAGUE,Uploader · Sports,game,363 MB
https://cdn.down-apk.com/com.timirji.WWE_2K18/WWE%202K18%20APK_1.0_apkcombo.com.apk?ecp=Y29tLnRpbWlyamkuV1dFXzJLMTgvMS4wLzEuNmM2ZGRjOGFiZGQ2NGZiYTg2NTU1YWY3Y2UwZTg5NTU1ZjcwYjJiNi5hcGs=&iat=1647044932&sig=8f018ebe2d04b58c09440cd4a912c238&size=3905678&from=cf&version=latest,WWE 2K18 APK,Manan Shah · Action,game,4 MB
https://cdn.down-apk.com/com.netease.bfc1game.na/Hyper%20Front_'1.0'_apkcombo.com.apk?ecp=Y29tLm5ldGVhc2UuYmZjMWdhbWUubmEvJzEuMCcvNDAuM2U5NmQzMjA0MzJlOTA4NWVkZmZlMDJiZDhhNDIwNGQ3NDYzYWRiZC5hcGs=&iat=1647044934&sig=297bf983b034664039eea3174d170553&size=1679839359&from=cdn&version=latest,Hyper Front,Netease Games Global · Action,game,1.56 GB
https://cdn.down-apk.com/com.vng.mlbbvn/Mobile%20Legends:%20Bang%20Bang%20VNG_1.6.58.7191_apkcombo.com.apk?ecp=Y29tLnZuZy5tbGJidm4vMS42LjU4LjcxOTEvMTY1ODcxOTEuNjljNTMxYTY4ZWY0MjI2ZjAwMjNlZTllOWIyMTAyNGY4YWNlZDM1Ny5hcGs=&iat=1647044936&sig=6eda3c0832fe4f8e656b51a22e00d891&size=122633989&from=cf&version=latest,Mobile Legends: Bang Bang VNG,CÔNG TY CỔ PHẦN VNG · Action,game,117 MB
https://cdn.down-apk.com/com.axieinfinity.origin/Axie%20Infinity_1.1.3_apkcombo.com.apk?ecp=Y29tLmF4aWVpbmZpbml0eS5vcmlnaW4vMS4xLjMvMy41MjNkNGUzZGIwMjk3Zjg1NDI1NjBkZjU4ZTI2YTYwMmRmM2YzMWQ1LmFwaw==&iat=1647044938&sig=22df65848bfcbe78622a78c598c11ee9&size=67220099&from=cf&version=latest,Axie Infinity,Axie Infinity Limited · Simulation,game,64 MB
https://cdn.down-apk.com/com.firsttouchgames.dls7/Dream%20League%20Soccer%202022_9.10_apkcombo.com.apk?ecp=Y29tLmZpcnN0dG91Y2hnYW1lcy5kbHM3LzkuMTAvNTcuNWFlMmU3OTY3MTIwMDAxY2I4NjM4Njk5OGE0Y2NmMTFmNzY3MGY2NS5hcGs=&iat=1647044940&sig=70a6f40496f4c4f6becf311c672faa30&size=531357534&from=cdn&version=latest,Dream League Soccer 2022,First Touch Games Ltd. · Sports,game,507 MB
https://cdn.down-apk.com/com.hoalong.phapsu/H%E1%BB%8Fa%20Long%20Ph%C3%A1p%20S%C6%B0_1.0.5_apkcombo.com.apk?ecp=Y29tLmhvYWxvbmcucGhhcHN1LzEuMC41LzUuZGNkNTJhODllYTdmNjE1ZmVmN2FkNmJiYWNlNjI1YzQ5Mjk4MDlhNi5hcGs=&iat=1647044942&sig=3a5b2356fea595f9a420b6ba2d5901ca&size=675723756&from=cdn&version=latest,Hỏa Long Pháp Sư,LungLinh · Card,game,644 MB
https://apkcombo.com/d?u=aHR0cHM6Ly9kLTE0LndpbnVkZi5jb20vYi9YQVBLL2EzSXVZMjh1ZDNsa2JTNTNlV1J0WHpZM1gyUm1ZV1kyTVdNP2s9Zjk1NzQwYjMwYzhhYTYyNWViOWIxMDg4NjZkNGNiYjg2MjJlNjQ2ZiZfZm49SlVWREpUbERKVGcwSlVWQ0pUa3pKVGxESzAxZk1TNHdYMkZ3YTJOdmJXSnZMbU52YlM1NFlYQnI=,위드 M,Joyimpact · Role Playing,game,811 MB
https://cdn.down-apk.com/com.shortcut.balloonpop/Bounce%20and%20pop%20-%20Balloon%20pop_1.19_apkcombo.com.apk?ecp=Y29tLnNob3J0Y3V0LmJhbGxvb25wb3AvMS4xOS8xMi4xZjg3NDBmZmE5YjJjZTQyODY3YzdhZmI4MzQxYWJiMjc4ZWU0ZTQ4LmFwaw==&iat=1647044946&sig=1a82f6d80853a1ff06799a1cc43934a2&size=66354641&from=cf&version=latest,Bounce and pop - Balloon pop,Panteon · Puzzle,game,63 MB
,BetPlay,CORREDOR EMPRESARIAL S.A · Casino,game,12 MB
https://cdn.down-apk.com/com.BNG.BeamDriver/Beamng-Drive%20Simulator_1.42_apkcombo.com.apk?ecp=Y29tLkJORy5CZWFtRHJpdmVyLzEuNDIvNy40YjAxMzk3NTk3MTY4NzJjYzQ0ZTdmZDI0NmRjMmI4MjdjMmRiOWVmLmFwaw==&iat=1647044980&sig=11f4fe78cd6fc1154b1e64505586424c&size=25297911&from=cf&version=latest,Beamng-Drive Simulator,JoyOfGames · Simulation,game,24 MB
https://cdn.down-apk.com/com.nianticlabs.pokemongo.ares/Pok%C3%A9mon%20GO%20(Samsung%20Galaxy%20Apps%20version)_0.231.0_apkcombo.com.apk?ecp=Y29tLm5pYW50aWNsYWJzLnBva2Vtb25nby5hcmVzLzAuMjMxLjAvMjAyMjAyMjUwMC5kMGJjOGJiNTI3ODVkZjRiNGZkODY4MGQyZDFiNGVlM2E0ZTE1MDUxLmFwaw==&iat=1647044982&sig=dd71c2b1fd73a560140e52903706388b&size=121413771&from=cf&version=latest,Pokémon GO (Samsung Galaxy Apps version),"Niantic, Inc. · Adventure",game,116 MB
https://gcdn.down-apk.com/com.efun.sxsj.gp.sm/%E5%89%91%E4%BE%A0%E4%B8%96%E7%95%8C3-%E6%96%B0%E4%B8%80%E4%BB%A33D%E5%89%91%E4%BE%A0%E6%83%85%E7%BC%98%E6%89%8B%E6%B8%B8_1.6.6655_apkcombo.com.apk?ecp=P3Rva2VuPUFPVENtMFJpdkNrdjYyNHJIUm83ZEo0V21ORWxXNmVqdU0xS1Z1UFV4Szh2S3BvRUJiVEJuUUowcTA2TU9wYWtmZW9sQTlNOF82cXNKRHlraHNlcHZGeW5QNHVEV1hYdThObHViTThOMVZxMVh6U1RzaGMwMERzeF9aSjdXTllGZlF4Q0xWeUZXcm8tVEFmLXgzaklnSXZnMUlpeTdoWnVVUXZzNmRxSC1oSGZoTV9IYW8yQWhpQ0NnQWFBNlRPTHgwS3Z5NFB4MWxROGZmWWVxdHNxWTZlbnFGeVNNbFpoRXRZY0JOZlh6M04wYzR3cFEtUm9LQUtOdlgxa05FY2NaR3liUjNXcWlXTjlMNi1vdFVRMm5PVmlnU3BnLWNVN0R3eWdZTWZwNWZvM3p2X3Zpb0dndFZsUlZGbHRjLVphZk9GVTNvc0Z0S3R5cEF0aDZpSlpMM3NWZnFGXzlGeWpnaGloVkZ2UlpxRUE0dl8zblN6UWdpbF85MnFZOWlqR1VTY0hyTjNPeGhDRFdUazRnRW5EQThfa19MaWNYbFhzJmNwbj1lQzN2VVB6QW0wSmphN29Z&iat=1647044984&sig=8063f6f5a70c6be922b8d9235544e49c,剑侠世界3-新一代3D剑侠情缘手游,"Efun Games Co., Ltd. · Role Playing",game,946 MB
https://cdn.down-apk.com/com.ZeoWorks.S3/Slendytubbies%203_2.1_apkcombo.com.apk?ecp=Y29tLlplb1dvcmtzLlMzLzIuMS8xLjk5Nzg4YWI2YTIwNjhjODBiNTJmZDc2NGEwZjMxNDIwYjk4MmZlYjcuYXBr&iat=1647044986&sig=788e662f101ec2bca625b43fc1cf93cc&size=927366047&from=cdn&version=latest,Slendytubbies 3, · Action,game,884 MB
https://cdn.down-apk.com/com.ForgeGames.SpecialForcesGroup2/Special%20Forces%20Group%202_4.21_apkcombo.com.xapk?ecp=Y29tLkZvcmdlR2FtZXMuU3BlY2lhbEZvcmNlc0dyb3VwMi80LjIxLzExOS42NDFiNmZhODQ4ZWUwOTNjMTRiMDJhZmJjOWVlYTE2YzgzY2Y3Njc4LnppcA==&iat=1647044988&sig=0321feb1ce9f5e7e8238108a64862234&size=327858663&from=cf&version=latest,Special Forces Group 2,ForgeGames · Action,game,313 MB
https://cdn.down-apk.com/com.superdroider.revfield/Ravenfield%20beta_5.14.23_apkcombo.com.apk?ecp=Y29tLnN1cGVyZHJvaWRlci5yZXZmaWVsZC81LjE0LjIzLzIuNjc0N2NjZDQzODBiZTFlYjU3MTA4N2Y2OTljODgyZjkzNzYwOTc1Ni5hcGs=&iat=1647044990&sig=9690f77e3748f8362d8517eb2bc681ba&size=27807981&from=cf&version=latest,Ravenfield beta,roshinecjkl · Action,game,27 MB
https://cdn.down-apk.com/com.gameloft.android.ANMP.GloftIMHM/Iron%20Man%203%20-%20The%20Official%20Game_1.6.9g_apkcombo.com.xapk?ecp=Y29tLmdhbWVsb2Z0LmFuZHJvaWQuQU5NUC5HbG9mdElNSE0vMS42LjlnLzE2OTYyLmEzODAyMTU0MTg1ZWU1ODc4MTAxMDhlN2E2ZTljZTUzNGRkNDJmYmQuemlw&iat=1647044992&sig=dc5901ae039c99ffe1dd7124c1f007ff&size=1192475889&from=cdn&version=latest,Iron Man 3 - The Official Game,Gameloft · Action,game,1.11 GB
https://apkcombo.com/d?u=aHR0cHM6Ly9kLTEwLndpbnVkZi5jb20vYi9BUEsvWTI5dExtMXZZbWx5YVhndVpIZGZNVFZmTVRnMU0yUmpNekU/az00Nzc0NzQzYzg2OGU2NzA1OGRmYzRlZDg3OTU4MjljZTYyMmU3MTE1Jl9mbj1SR0Z5YXl0WFlYSnNiMk5yWHpBdU1DNHhOVjloY0d0amIyMWlieTVqYjIwdVlYQnI=,Dark Warlock,mobirix · Simulation,game,135 MB
https://cdn.down-apk.com/com.zuuks.truck.simulator.ultimate/Truck%20Simulator%20:%20Ultimate_1.1.7_apkcombo.com.xapk?ecp=Y29tLnp1dWtzLnRydWNrLnNpbXVsYXRvci51bHRpbWF0ZS8xLjEuNy82MS5hZGQyODAzMmZiMTg2YWNkY2RjMjA5OWY1MWYzZGYyOWYxYWM2NWIwLnppcA==&iat=1647044996&sig=eeaad708aaf4fbe73e3db4c4c864f9d9&size=1413787312&from=cdn&version=latest,Truck Simulator : Ultimate,Zuuks Games · Simulation,game,1.32 GB
https://cdn.down-apk.com/com.AdlemGames.BounceTales/Bounce%20Tales%20-%20Original%20Nokia_0.25_apkcombo.com.xapk?ecp=Y29tLkFkbGVtR2FtZXMuQm91bmNlVGFsZXMvMC4yNS83LjI3N2Q5ZTFhZTI1ZWI4NTkzYTc3NTUzOWYwYmE3ZWVmZWY1YzgzNTguYXBrcw==&iat=1647044998&sig=c5a61356cd33580c9fca8abeae1682c0&size=48127672&from=cf&version=latest,Bounce Tales - Original Nokia,AdlemGames · Adventure,game,46 MB
https://gcdn.down-apk.com/com.blackspotstudio.scionfist/%EC%82%AC%EC%9D%B4%EC%96%B8%ED%94%BC%EC%8A%A4%ED%8A%B8_1.0.3_apkcombo.com.apk?ecp=P3Rva2VuPUFPVENtMFRCVlV4NEotQ0Q3MzJKUWVSV25VUEM3eW0yT3Q4S0JmdV9BMWxLYmt0WWlRbDd0VHVtS19YeUo1b2ZYalpiSm8xSW5pLVVSMk56VnpjYXAyTlRVR3dneWxpUDBGYU0wUWZwZlluejJCMV8zQ2hIWUx6eHZQajhSaHgzUWpzLVRIakNEVkZsSTFuU1VDbU4zZGc1eGlrNTJzcU0zQnhISlF1X3V2X2hJc1F0VUdtTk02T00zMzRlSlloeFlpQzY1eV9GUDhHckw5eGVYbUVKR3k0X2p0eE5BOWRiaUlidk1rdUxoWkhnMDVJcXE1X3JxUXdzM1hfeUl6bTc4dEFlemg0cmFzNUJpcFdtMlIxU0JnZUlxTW8tNEFZQkNWODU2MlFaa2NtYlF5TGY3Rm4xd1VzYVNId3JJaVBpalF1ZThvOGVJcnRXLVF6YjRFQ1dfSks1S19IWWZRSFhhdG1sRlp3aE1BVTFVdFl6UTgxbmxKN29oMHp3bEJlX2M2Z08xek4yZ3JVRUhHV0loY2JNVXYtUjZfUjgxRkh2T2ZUYm5RJmNwbj1KSERTVDlVMUtHNW82dWxL&iat=1647045000&sig=c4c023802a625517bebd087a779c3009,사이언피스트,blackspotstudio · Action,game,106 MB
https://cdn.down-apk.com/com.gameloft.android.ANMP.GloftASHM/The%20Amazing%20Spider-Man%202_1.2.7d_apkcombo.com.apk?ecp=Y29tLmdhbWVsb2Z0LmFuZHJvaWQuQU5NUC5HbG9mdEFTSE0vMS4yLjdkLzEyNzIzLmY5MDA2YTI3YzMzMDlmYjU0ZjRiM2ZhNjkyOGU2OTUyMjcyMWY0YmQuYXBr&iat=1647045002&sig=1f882690442283cecf987d16ac2de911&size=31774872&from=cf&version=latest,The Amazing Spider-Man 2,Gameloft SE · Action,game,30 MB
https://cdn.down-apk.com/cc.clashofmagic.s1/Clash%20of%20Magic_14.211.40_apkcombo.com.apk?ecp=Y2MuY2xhc2hvZm1hZ2ljLnMxLzE0LjIxMS40MC8xODEzLmJlMDJhNjc4ZmM3ZTRlZmJjYjczMjUwYmIzZGUzMjViOTdkZTQyNzkuYXBr&iat=1647045004&sig=5ff0487b306c56d3cad66581562424e3&size=342723865&from=cf&version=latest,Clash of Magic, · Arcade,game,327 MB
https://cdn.down-apk.com/com.elhamditarik9.frfr23k0020/Cheat%20free%20fire%20Hack_12.0.2_apkcombo.com.apk?ecp=Y29tLmVsaGFtZGl0YXJpazkuZnJmcjIzazAwMjAvMTIuMC4yLzEyLjg0NmZmOWIzNmQxNDBmYjM0MTJjZmE1MTVlYTQ1YjI4NzI0OWU0MDYuYXBr&iat=1647045006&sig=adf9092d831e1f0d61606c07ab86de25&size=5258079&from=cf&version=latest,Cheat free fire Hack,Free · Strategy,game,5 MB
https://cdn.down-apk.com/com.Rohit.IndianBikes/Indian%20Bikes%20Driving%203D_12_apkcombo.com.apk?ecp=Y29tLlJvaGl0LkluZGlhbkJpa2VzLzEyLzEyLjQ0ZDJiNmJhYjkyYzkxZDIwN2EwMGFjMjE5OThkN2Q4MTQyMjdjMTguYXBr&iat=1647045008&sig=d10dfb9d348a23b9923a7c5213b898d7&size=71308614&from=cf&version=latest,Indian Bikes Driving 3D,Rohit Gaming Studio · Simulation,game,68 MB
https://cdn.down-apk.com/com.elhamditarik9.bbattlejground/cheat%20Pubg%20Mobile%20Hack_13.0.1_apkcombo.com.apk?ecp=Y29tLmVsaGFtZGl0YXJpazkuYmJhdHRsZWpncm91bmQvMTMuMC4xLzEzLjFhNWRjYjQxZjg1ODlmZjU5YTZjNjdhOTJjOWY1Yjc0OGEwMzI4YWEuYXBr&iat=1647045011&sig=128094787fc3c85ac3b5f435457cfa85&size=5413522&from=cf&version=latest,cheat Pubg Mobile Hack,Free · Strategy,game,5 MB
https://cdn.down-apk.com/com.firsttouchgames.dlsa/Dream%20League%20Soccer%20-%20Classic_2.07_apkcombo.com.xapk?ecp=Y29tLmZpcnN0dG91Y2hnYW1lcy5kbHNhLzIuMDcvNTguYmFiNjk3NjJkMjU3M2Q4MTE2MjdhNGFhMGVlZmUzM2ZlNzk2ZjlmNi56aXA=&iat=1647045013&sig=94770e62b362cb15d9c99b8f8a69bd2e&size=144834662&from=cf&version=latest,Dream League Soccer - Classic,First Touch Games Ltd. · Sports,game,138 MB
https://cdn.down-apk.com/com.olzhas.carparking.multyplayer/Car%20Parking%20Multiplayer_4.8.6.7_apkcombo.com.apk?ecp=Y29tLm9semhhcy5jYXJwYXJraW5nLm11bHR5cGxheWVyLzQuOC42LjcvMjAwMTc1LmY3OThhNWUzYjkxOTQ3MTMzNmQ4MDliNTIwZWNjN2Q4MmRlZWFiOTkuYXBr&iat=1647045015&sig=8508fe61bee0f0c3997f71cc62ad08a2&size=1030542428&from=cdn&version=latest,Car Parking Multiplayer,olzhass · Simulation,game,983 MB
https://cdn.down-apk.com/com.iu.armypioneer/Army%20Commander_0.7_apkcombo.com.apk?ecp=Y29tLml1LmFybXlwaW9uZWVyLzAuNy8xNy40N2I3Yjc2MTEwOTE3MjE1N2I1MDFiZTE0YWM1MjM5MTQ5OWEyOTAwLmFwaw==&iat=1647045017&sig=660db70eef3448f8148cb75f07de17cb&size=76479091&from=cf&version=latest,Army Commander,Lion Studios · Casual,game,73 MB
https://cdn.down-apk.com/com.firsttouchgames.smp/Score!%20Match%20-%20PvP%20Soccer_2.21_apkcombo.com.apk?ecp=Y29tLmZpcnN0dG91Y2hnYW1lcy5zbXAvMi4yMS84MS41MzllOTU2ZDQxMmI3NjYzZGI3ZWYyM2JhM2UwYTAyZDJjN2FkYmFkLmFwaw==&iat=1647045019&sig=40dc5ae3aa90fd6d0e9a7be55dd6928b&size=96006724&from=cf&version=latest,Score! Match - PvP Soccer,First Touch Games Ltd. · Sports,game,92 MB
https://cdn.down-apk.com/com.gta4.cgs/GTA%204%20Mobile%20Edition%20%231_1.0_apkcombo.com.apk?ecp=Y29tLmd0YTQuY2dzLzEuMC8xLjRkMDdhZTgzNTI2OTk4MTYxM2Y0YmFhYjM1NmQxNmUxOTRhYzEyZTEuYXBr&iat=1647045022&sig=af59d3822bc1d9fa933908edcde74b1c&size=240084339&from=cf&version=latest,GTA 4 Mobile Edition #1, · Action,game,229 MB
https://cdn.down-apk.com/com.axlebolt.standoff2/Standoff%202_0.18.4_apkcombo.com.xapk?ecp=Y29tLmF4bGVib2x0LnN0YW5kb2ZmMi8wLjE4LjQvMTA1MC5lZjRiMjM5ZTNhOTRlNDM3OGFkNmE4MDJmMjY0ZGRlMDE2MWViYmZiLnppcA==&iat=1647045024&sig=5c06ead4e66d54b98fd1de3745cd742d&size=1387733052&from=cdn&version=latest,Standoff 2,AXLEBOLT LTD · Action,game,1.29 GB
https://cdn.down-apk.com/com.kiloo.subwaysurf/Subway%20Surfers_2.30.2_apkcombo.com.apk?ecp=Y29tLmtpbG9vLnN1YndheXN1cmYvMi4zMC4yLzI2MTIwLmEzNWY0NzU5NTRkYjU0YWNiMjljYTI4NTk3OTI4NjViZmM5N2NkOTMuYXBr&iat=1647045027&sig=dbfeeb79595cc166651ce21e08068622&size=198386168&from=cf&version=latest,Subway Surfers,SYBO Games · Arcade,game,189 MB
https://cdn.down-apk.com/com.tinybuildgames.helloneighbor/Hello%20Neighbor_1.0_apkcombo.com.xapk?ecp=Y29tLnRpbnlidWlsZGdhbWVzLmhlbGxvbmVpZ2hib3IvMS4wLzQ4MS5iZmQ0MDNlYTc2MjgyZTk0OThkZDJmOWE4YzJjMWYyZjdlNTA3NGZkLnppcA==&iat=1647045029&sig=3d5ddbe1d5bdc4d5e9148e52e48b13df&size=1234891687&from=cdn&version=latest,Hello Neighbor,tinyBuild · Adventure,game,1.15 GB
https://cdn.down-apk.com/com.banafshedev.tekken3/Tekken%203_1.1_apkcombo.com.apk?ecp=Y29tLmJhbmFmc2hlZGV2LnRla2tlbjMvMS4xLzQuNzg1OWFkMzliZDEyZjYxMjc2Nzk3OGUzYjQxZTFmOTJhMGQ5NDAwZi5hcGs=&iat=1647045032&sig=d3d3114060bf6c3aa1bd6e3c27eaa032&size=18272851&from=cf&version=latest,Tekken 3,BANDAI NAMCO Entertainment Inc. · Arcade,game,17 MB
https://cdn.down-apk.com/com.riotgames.league.wildrift/League%20of%20Legends:%20Wild%20Rift_3.0.0.5295_apkcombo.com.xapk?ecp=Y29tLnJpb3RnYW1lcy5sZWFndWUud2lsZHJpZnQvMy4wLjAuNTI5NS81Mjk1MzIuM2FhOTZkMTVmZTg1MmFlN2FkYTg3NTc0NjM4NGYyM2U0OGExMmI5Yi56aXA=&iat=1647045034&sig=2225a0619f14af042fc1a0d9e269f85d&size=3612097487&from=cdn&version=latest,League of Legends: Wild Rift,"Riot Games, Inc · Strategy",game,3.36 GB
https://cdn.down-apk.com/com.netease.aceracer/Ace%20Racer_1.1.5_apkcombo.com.apk?ecp=Y29tLm5ldGVhc2UuYWNlcmFjZXIvMS4xLjUvMTEwMDUuNDY4NDhkMTQ4NjJiOTA1N2YzYWY1Y2Y5OWJmYmJhNTU3ODYzYmRiZC5hcGs=&iat=1647045036&sig=28f0b5d3c64c84d619ffc2d1528446a0&size=2029596505&from=cdn&version=latest,Ace Racer,NetEase Games · Racing,game,1.89 GB
https://cdn.down-apk.com/eu.nordeus.topeleven.android/Top%20Eleven%20Be%20a%20Soccer%20Manager_22.9_apkcombo.com.apk?ecp=ZXUubm9yZGV1cy50b3BlbGV2ZW4uYW5kcm9pZC8yMi45LzQ4ODUuMTAyNDAxOTA4M2YyZmI1YTNkZTZjYzdmZmFiMjVhMTcwMzcyM2NiNi5hcGs=&iat=1647045038&sig=395bd222f2ca236cde874272916263f1&size=147862218&from=cf&version=latest,Top Eleven Be a Soccer Manager,Nordeus · Sports,game,141 MB
https://gcdn.down-apk.com/com.fortune.mygp/%E6%9C%AA%E6%9D%A5%E7%BA%AA%E5%85%83%EF%BC%9A%E7%A0%B4%E6%99%93_1.0.4_apkcombo.com.apk?ecp=P3Rva2VuPUFPVENtMFFSaDk1NFBoN3ZYbXV6NXhNNTMtMjJHbVE3b01NV0loa3pwMjd5M09ZS0p5TG0yd1FCanBlQkFUUUUwZHJWUnNzTzhud3JwU1ZwcFU3RGxXRTN4YmN1ZUlSUE11T3ZGSkJ3cVN3Y09IODI1bkp5blJoeEZJMnU3VWN5T28wMFNaYmRsMmpHdExFZV92QTY2X051RDB5dnhQejJkWjFPTjA3dWVpSUVjQndrQWo3djNFR3loZm5rcDhxMzBGY3ZPVURRMXlTQlIzcVRUT3ZkanYwRzRILUhkTDh1WHhhUWdNbWxDWW1pUXFKekk0MzFhV0JtelM1RXdsNm9tMlVXMjEwSmU0LXRpTEZPVXpuX3E3Rkl5SzNnM1otWkRpZ3VaZDlsZjRKR09aNkE3OURNN21hT2RUaDZnVHJRZE8td3FYdG0zM3RMSjZ0NndURGxuMjhfa1I3UHZ2RTNfVWFaRk9COUdvM0Z5OTlFSUVVSDUyS0NfaFNXamQ4dDFtVl9JTDdpdDFGRTZXcTRRdHk3SXdKSVZBJmNwbj1aREEtVEZubzNsSGhuYUpo&iat=1647045040&sig=5646254511282cb0a26066ef35a8c9a6,未来纪元：破晓,YUANHENG NETWORK LIMITED · Role Playing,game,599 MB
https://cdn.down-apk.com/com.haegin.playtogether/Play%20Together_1.34.1_apkcombo.com.xapk?ecp=Y29tLmhhZWdpbi5wbGF5dG9nZXRoZXIvMS4zNC4xLzY0NTY4LmEwNzU1YWY3YTRhMjAyNDgxYTg5OWI4MGI3NmRhYzg0YzdjY2QzYTMuemlw&iat=1647045042&sig=6098a5a16d6d5f16c3f247dbd746a0fb&size=884032666&from=cdn&version=latest,Play Together,"HAEGIN Co., Ltd. · Casual",game,843 MB
https://cdn.down-apk.com/com.basicgames.TrickySquad/Tricky%20Squad_0.14_apkcombo.com.apk?ecp=Y29tLmJhc2ljZ2FtZXMuVHJpY2t5U3F1YWQvMC4xNC8xNC4yOGJmNmQ5MjZiZTZmMGVjY2NkNWE1NGI3MzNjNjc2OWVlYzg1MDg0LmFwaw==&iat=1647045044&sig=17719b033884ba81ee8e5e092165ae7f&size=57164840&from=cf&version=latest,Tricky Squad,BasicGames Inc. · Arcade,game,55 MB
https://cdn.down-apk.com/com.denepa.lokicraft5/Lokicraft%205_1.18.5.90_apkcombo.com.apk?ecp=Y29tLmRlbmVwYS5sb2tpY3JhZnQ1LzEuMTguNS45MC85NTE4MDAxMDkuNjY0OGY0MmQ4NjE3ZTExZDczZWY3NTFhZDUxMWIzMTUzNGRlOTRlMS5hcGs=&iat=1647045047&sig=bd29fc06d53e22580918ee0cb6d3c298&size=198452522&from=cf&version=latest,Lokicraft 5,Denepa · Arcade,game,189 MB
https://cdn.down-apk.com/nullsclash.night.rel/Null%E2%80%99s%20Clash_14.426.1_apkcombo.com.apk?ecp=bnVsbHNjbGFzaC5uaWdodC5yZWwvMTQuNDI2LjEvMTQ0OS45MmJiZDA5YmQwZDliNGJiMTA1ZWMxOGYyMzczOWQzNzhlOWI5Yzg5LmFwaw==&iat=1647045048&sig=6915d6594c7e18be105f984457cd383c&size=188830633&from=cf&version=latest,Null’s Clash,nulls.gg · Strategy,game,180 MB
https://cdn.down-apk.com/com.Garden_zh/Garden_1.0.0_apkcombo.com.apk?ecp=Y29tLkdhcmRlbl96aC8xLjAuMC8xLmViMGZlMjc4MGFkNzQwMTE4NmIzNGY5YWZkMzA2NGExMGZlYzI1MGUuYXBr&iat=1647045051&sig=42392986c477bae8f81f7d64eb3fbcce&size=27339846&from=cf&version=latest,Garden,Adriene Eckbert · Arcade,game,26 MB
https://cdn.down-apk.com/ya.tok.saj/Yandere%20Simulator%20High%20School_3.0_apkcombo.com.apk?ecp=eWEudG9rLnNhai8zLjAvMy5kZDZmMjExNGY2ZjMzZmQxM2UzOGUyMWQzODBhMDk5YzEyNTMxODRjLmFwaw==&iat=1647045052&sig=2ff691024d80f15b12afd78fa83d2546&size=15996877&from=cf&version=latest,Yandere Simulator High School,azyutikol · Adventure,game,15 MB
https://cdn.down-apk.com/com.ourpalm.mu3.gp.tw/%E5%A5%87%E8%B9%9FMU%EF%BC%9A%E6%AD%A3%E5%AE%97%E7%BA%8C%E4%BD%9C_1.3.1_apkcombo.com.apk?ecp=Y29tLm91cnBhbG0ubXUzLmdwLnR3LzEuMy4xLzMxLjI5YzQyNzM0MjA4ZTIwZjJlOTZkZjljOTQ3OTBkMmY0ODFmZmNlY2QuYXBr&iat=1647045054&sig=09abe830a004909554d0944eeeb9113c&size=202185865&from=cf&version=latest,奇蹟MU：正宗續作,GAMENOW TECHNOLOGY · Role Playing,game,193 MB
https://cdn.down-apk.com/com.supercell.clashroyale/Clash%20Royale_3.2731.0_apkcombo.com.apk?ecp=Y29tLnN1cGVyY2VsbC5jbGFzaHJveWFsZS8zLjI3MzEuMC81MjkuOTdlODEwMWQyMDFkZTM1ZjM5NDdkZGJlN2YzMzgyZGYzOGEzODJjNy5hcGs=&iat=1647045057&sig=878987a16598669b24e65f8c8d3c1d43&size=145952552&from=cf&version=latest,Clash Royale,Supercell · Strategy,game,139 MB
https://cdn.down-apk.com/com.elhamditarik9.bbattleground/HACK%20PUBG_11.0.1_apkcombo.com.apk?ecp=Y29tLmVsaGFtZGl0YXJpazkuYmJhdHRsZWdyb3VuZC8xMS4wLjEvMTEuMTllZjEzNjYzZWJlYmE4NGY1NWZiMzFjYjNhMDkyMjkzYzhhMWFkMS5hcGs=&iat=1647045059&sig=4333aaddac9260fcd73f2faa3612adf6&size=5413522&from=cf&version=latest,HACK PUBG,Tarik · Strategy,game,5 MB
https://cdn.down-apk.com/com.ea.game.nfs14_row/Need%20for%20Speed%E2%84%A2%20No%20Limits_5.9.1_apkcombo.com.apk?ecp=Y29tLmVhLmdhbWUubmZzMTRfcm93LzUuOS4xLzU5OTExLjI5OWQ2NWE0MjliNjI3ODFiNDYzZGI4MDk2OGI2NGU1NTg0OWFjMGIuYXBr&iat=1647045061&sig=ab1ed6c150e77a191d2abdfe211653fe&size=96780387&from=cf&version=latest,Need for Speed™ No Limits,ELECTRONIC ARTS · Racing,game,92 MB
,,,,
